sample_id,a,b,case,torsion_order,torsion_invariants,generators
sample_000000156,3119,5208,A4,1,[],[]
sample_000000163,4489,-9843,A4,1,[],[]
sample_000000234,326,-1450,A4,1,[],[]
sample_000000269,-2246,-7548,A4,1,[],[]
sample_000000330,-7607,-1438,A4,1,[],[]
sample_000000469,4687,-622,A4,1,[],[]
sample_000000498,3942,-8256,A4,1,[],[]
sample_000000510,-5477,-4822,A4,1,[],[]
sample_000000725,4114,-8718,A4,1,[],[]
sample_000000814,1785,-5770,A4,1,[],[]
sample_000000926,-173,-5346,A4,1,[],[]
sample_000000929,-7318,9047,A4,1,[],[]
sample_000000989,182,-2014,A4,1,[],[]
sample_000001156,3187,-8880,A4,1,[],[]
sample_000001190,-3941,-4787,A4,1,[],[]
sample_000001253,4215,4829,A4,1,[],[]
sample_000001356,9922,3155,A4,1,[],[]
sample_000001503,7990,-4733,A4,1,[],[]
sample_000001549,3046,-1865,A4,1,[],[]
sample_000001899,2899,-2807,A4,1,[],[]
sample_000002426,8003,1215,A4,1,[],[]
sample_000002591,5024,-9125,A4,1,[],[]
sample_000002601,-5474,-5396,A4,1,[],[]
sample_000002661,8995,5797,A4,1,[],[]
sample_000002763,1713,41,A4,1,[],[]
sample_000002819,-8377,1341,A4,1,[],[]
sample_000002846,-7050,3624,A4,1,[],[]
sample_000003010,-6189,4060,A4,1,[],[]
sample_000003177,-6892,-3467,A4,1,[],[]
sample_000003280,-8066,-6295,A4,1,[],[]
sample_000003322,-6413,4510,A4,1,[],[]
sample_000003406,2141,7251,A4,1,[],[]
sample_000003486,2943,-162,A4,1,[],[]
sample_000003714,4426,-3227,A4,1,[],[]
sample_000003821,4306,8170,A4,1,[],[]
sample_000004040,-3986,-8292,A4,1,[],[]
sample_000004225,-5814,-917,A4,1,[],[]
sample_000004226,-2860,-9325,A4,1,[],[]
sample_000004264,-8138,-4450,A4,1,[],[]
sample_000004305,7408,-7586,A4,1,[],[]
sample_000004364,-7648,-3997,A4,1,[],[]
sample_000004389,7025,120,A4,1,[],[]
sample_000004405,2955,7631,A4,1,[],[]
sample_000004439,-9933,1389,A4,1,[],[]
sample_000004448,-7420,-5575,A4,1,[],[]
sample_000004789,4643,-2929,A4,1,[],[]
sample_000004868,-6594,-100,A4,1,[],[]
sample_000004927,3513,5915,A4,1,[],[]
sample_000004928,-6916,-761,A4,1,[],[]
sample_000005205,8318,7148,A4,1,[],[]
sample_000005273,346,1854,A4,1,[],[]
sample_000005496,6030,476,A4,1,[],[]
sample_000005603,-3424,-6513,A4,1,[],[]
sample_000005613,-4800,-9512,A4,1,[],[]
sample_000005908,-935,6295,A4,1,[],[]
sample_000005942,1976,3741,A4,1,[],[]
sample_000006101,9388,2525,A4,1,[],[]
sample_000006401,3559,3997,A4,1,[],[]
sample_000006731,-457,-5443,A4,1,[],[]
sample_000006780,-8148,-1033,A4,1,[],[]
sample_000006832,5556,-3223,A4,1,[],[]
sample_000006929,9030,-3139,A4,1,[],[]
sample_000006940,4024,9583,A4,1,[],[]
sample_000007089,-2343,-7006,A4,1,[],[]
sample_000007095,-3466,5856,A4,1,[],[]
sample_000007096,-1886,3965,A4,1,[],[]
sample_000007448,-9054,997,A4,1,[],[]
sample_000007491,8556,-373,A4,1,[],[]
sample_000007496,6637,-571,A4,1,[],[]
sample_000007627,3350,-9497,A4,1,[],[]
sample_000007640,-6468,-6471,A4,1,[],[]
sample_000007762,4044,8550,A4,1,[],[]
sample_000007882,9427,-2532,A4,1,[],[]
sample_000007942,-8753,-9908,A4,1,[],[]
sample_000007973,2107,48,A4,1,[],[]
sample_000008218,617,5098,A4,1,[],[]
sample_000008369,-8198,2372,A4,1,[],[]
sample_000008569,-5170,3898,A4,1,[],[]
sample_000008698,1839,-2652,A4,1,[],[]
sample_000008855,1579,-3601,A4,1,[],[]
sample_000009154,-5193,7997,A4,1,[],[]
sample_000009207,-2135,-7122,A4,1,[],[]
sample_000009378,5377,-912,A4,1,[],[]
sample_000009452,-9175,-1607,A4,1,[],[]
sample_000009597,-5618,7911,A4,1,[],[]
sample_000009746,-5913,-8457,A4,1,[],[]
sample_000009752,-383,8350,A4,1,[],[]
sample_000009766,-1060,2779,A4,1,[],[]
sample_000009947,1439,-2755,A4,1,[],[]
sample_000010073,4710,4194,A4,1,[],[]
sample_000010092,8192,4734,A4,1,[],[]
sample_000010135,2193,-3155,A4,1,[],[]
sample_000010187,-4916,8446,A4,1,[],[]
sample_000010299,-7479,-5184,A4,1,[],[]
sample_000010403,5748,3478,A4,1,[],[]
sample_000010453,5002,-7152,A4,1,[],[]
sample_000010631,-6221,-2006,A4,1,[],[]
sample_000010656,9763,-5480,A4,1,[],[]
sample_000010665,-7703,-8581,A4,1,[],[]
sample_000010666,-7469,-1163,A4,1,[],[]
sample_000010775,9700,-5754,A4,1,[],[]
sample_000010811,955,-6181,A4,1,[],[]
sample_000010846,2511,-5105,A4,1,[],[]
sample_000010866,-9319,4213,A4,1,[],[]
sample_000010983,-2276,-7880,A4,1,[],[]
sample_000010986,-3718,-7919,A4,1,[],[]
sample_000011010,5420,3550,A4,1,[],[]
sample_000011228,-1627,7463,A4,1,[],[]
sample_000011641,-9361,-6544,A4,1,[],[]
sample_000011835,-4,9922,A4,1,[],[]
sample_000011898,-412,1469,A4,1,[],[]
sample_000011909,-8957,-6465,A4,1,[],[]
sample_000011913,-7916,3953,A4,1,[],[]
sample_000011993,-6131,6806,A4,1,[],[]
sample_000012180,-2462,6168,A4,1,[],[]
sample_000012339,-9607,7645,A4,1,[],[]
sample_000012422,554,1664,A4,1,[],[]
sample_000012616,-8073,4800,A4,1,[],[]
sample_000012669,-2465,-1072,A4,1,[],[]
sample_000012740,6288,7146,A4,1,[],[]
sample_000012881,9213,-8154,A4,1,[],[]
sample_000013030,-5176,-6859,A4,1,[],[]
sample_000013042,9643,8052,A4,1,[],[]
sample_000013285,5597,6271,A4,1,[],[]
sample_000013650,6188,6494,A4,1,[],[]
sample_000013700,-8303,-9913,A4,1,[],[]
sample_000013807,9161,1810,A4,1,[],[]
sample_000014134,-5083,-111,A4,1,[],[]
sample_000014267,7754,-9226,A4,1,[],[]
sample_000014282,534,-5772,A4,1,[],[]
sample_000014362,6188,4112,A4,1,[],[]
sample_000014475,-9337,-549,A4,1,[],[]
sample_000014476,5380,-5772,A4,1,[],[]
sample_000014491,-8451,-2608,A4,1,[],[]
sample_000014543,8888,-2844,A4,1,[],[]
sample_000014678,-4061,1134,A4,1,[],[]
sample_000014719,7315,5761,A4,1,[],[]
sample_000014943,3031,-3557,A4,1,[],[]
sample_000015081,1019,-5675,A4,1,[],[]
sample_000015106,964,-8292,A4,1,[],[]
sample_000015177,-6068,9199,A4,1,[],[]
sample_000015252,-8477,3792,A4,1,[],[]
sample_000015404,-772,2282,A4,1,[],[]
sample_000015426,-9726,1159,A4,1,[],[]
sample_000015559,439,-3216,A4,1,[],[]
sample_000015616,458,-6976,A4,1,[],[]
sample_000015673,-6115,3389,A4,1,[],[]
sample_000015890,3677,-58,A4,1,[],[]
sample_000015912,1557,-3864,A4,1,[],[]
sample_000015954,4612,1776,A4,1,[],[]
sample_000016087,4674,5971,A4,1,[],[]
sample_000016389,6197,2498,A4,1,[],[]
sample_000016432,-302,8643,A4,1,[],[]
sample_000016434,-6686,-428,A4,1,[],[]
sample_000016697,2171,-4983,A4,1,[],[]
sample_000016829,-2926,4669,A4,1,[],[]
sample_000017351,5202,7997,A4,1,[],[]
sample_000017357,1188,7837,A4,1,[],[]
sample_000017362,-4474,7554,A4,1,[],[]
sample_000017489,6803,9893,A4,1,[],[]
sample_000017657,7665,2150,A4,1,[],[]
sample_000017845,3954,7159,A4,1,[],[]
sample_000017957,-6822,530,A4,1,[],[]
sample_000017976,9258,-5166,A4,1,[],[]
sample_000018047,-5671,-3697,A4,1,[],[]
sample_000018064,-3398,3388,A4,1,[],[]
sample_000018096,-2373,-4413,A4,1,[],[]
sample_000018361,-3268,-6721,A4,1,[],[]
sample_000018405,-7990,835,A4,1,[],[]
sample_000018433,-7200,-7425,A4,1,[],[]
sample_000018466,8008,-3218,A4,1,[],[]
sample_000018622,-8972,-4859,A4,1,[],[]
sample_000018706,1357,-4882,A4,1,[],[]
sample_000018822,-8461,8042,A4,1,[],[]
sample_000018847,-6432,7227,A4,1,[],[]
sample_000018865,8838,5824,A4,1,[],[]
sample_000019007,-5010,-5060,A4,1,[],[]
sample_000019129,-7917,4852,A4,1,[],[]
sample_000019176,6848,291,A4,1,[],[]
sample_000019288,-7252,2208,A4,1,[],[]
sample_000019356,-5977,9996,A4,1,[],[]
sample_000019478,-9429,-9184,A4,1,[],[]
sample_000019757,-6428,-9972,A4,1,[],[]
sample_000019776,5718,-5279,A4,1,[],[]
sample_000019794,-9787,-7757,A4,1,[],[]
sample_000019807,-4400,1909,A4,1,[],[]
sample_000020110,-8975,2041,A4,1,[],[]
sample_000020115,7407,2489,A4,1,[],[]
sample_000020408,4421,7098,A4,1,[],[]
sample_000020413,9757,-4646,A4,1,[],[]
sample_000020716,-7646,-6473,A4,1,[],[]
sample_000020730,-2424,2763,A4,1,[],[]
sample_000020778,9286,-482,A4,1,[],[]
sample_000020884,8460,-6591,A4,1,[],[]
sample_000021022,-340,-4991,A4,1,[],[]
sample_000021052,3358,-8274,A4,1,[],[]
sample_000021064,-5027,1052,A4,1,[],[]
sample_000021179,577,-3495,A4,1,[],[]
sample_000021248,7017,3231,A4,1,[],[]
sample_000021252,7885,7016,A4,1,[],[]
sample_000021304,1653,9238,A4,1,[],[]
sample_000021354,-3531,-3892,A4,1,[],[]
sample_000021381,9387,7839,A4,1,[],[]
sample_000021452,-5550,2256,A4,1,[],[]
sample_000021496,4864,7879,A4,1,[],[]
sample_000021583,-7444,928,A4,1,[],[]
sample_000021610,373,-1782,A4,1,[],[]
sample_000021745,9319,-3433,A4,1,[],[]
sample_000021862,-4428,8863,A4,1,[],[]
sample_000021904,4924,4922,A4,1,[],[]
sample_000021983,5712,-5596,A4,1,[],[]
sample_000022011,4588,6852,A4,1,[],[]
sample_000022068,-3876,1129,A4,1,[],[]
sample_000022074,9993,-7448,A4,1,[],[]
sample_000022139,-1957,-5748,A4,1,[],[]
sample_000022196,-4667,-1866,A4,1,[],[]
sample_000022257,-909,9830,A4,1,[],[]
sample_000022649,-8188,-4340,A4,1,[],[]
sample_000022715,-4817,-4406,A4,1,[],[]
sample_000023113,2517,6946,A4,1,[],[]
sample_000023155,-8583,-4618,A4,1,[],[]
sample_000023209,-5664,5949,A4,1,[],[]
sample_000023256,-1603,7391,A4,1,[],[]
sample_000023383,-6490,9574,A4,1,[],[]
sample_000023390,-1785,-2464,A4,1,[],[]
sample_000023459,9835,3652,A4,1,[],[]
sample_000023543,318,-6343,A4,1,[],[]
sample_000023552,-512,3703,A4,1,[],[]
sample_000023586,-5885,5773,A4,1,[],[]
sample_000023648,-3257,4692,A4,1,[],[]
sample_000023701,-292,-5448,A4,1,[],[]
sample_000023738,8349,9997,A4,1,[],[]
sample_000024084,-8205,-6830,A4,1,[],[]
sample_000024158,-4053,-806,A4,1,[],[]
sample_000024167,-1507,4691,A4,1,[],[]
sample_000024390,-6495,-8342,A4,1,[],[]
sample_000024523,-8329,3045,A4,1,[],[]
sample_000025008,-2698,-2802,A4,1,[],[]
sample_000025058,-7724,6004,A4,1,[],[]
sample_000025086,3243,8904,A4,1,[],[]
sample_000025124,7630,-8342,A4,1,[],[]
sample_000025315,-5676,6607,A4,1,[],[]
sample_000025495,1795,5453,A4,1,[],[]
sample_000025520,6312,6621,A4,1,[],[]
sample_000025539,9568,-4221,A4,1,[],[]
sample_000025817,9661,2126,A4,1,[],[]
sample_000025858,-1412,2070,A4,1,[],[]
sample_000025872,280,-4185,A4,1,[],[]
sample_000026044,2167,3800,A4,1,[],[]
sample_000026971,5098,-9439,A4,1,[],[]
sample_000027013,5142,-1613,A4,1,[],[]
sample_000027039,5886,1053,A4,1,[],[]
sample_000027347,2888,8306,A4,1,[],[]
sample_000027497,6702,-2874,A4,1,[],[]
sample_000027593,458,1317,A4,1,[],[]
sample_000027676,7491,1542,A4,1,[],[]
sample_000027683,8690,-5200,A4,1,[],[]
sample_000027771,-5899,-5806,A4,1,[],[]
sample_000027839,-5560,-2558,A4,1,[],[]
sample_000028329,1903,-7409,A4,1,[],[]
sample_000028353,-1829,368,A4,1,[],[]
sample_000028457,4153,6404,A4,1,[],[]
sample_000028468,-2275,5123,A4,1,[],[]
sample_000028647,-8035,-3108,A4,1,[],[]
sample_000028705,3169,8940,A4,1,[],[]
sample_000028737,3297,-5267,A4,1,[],[]
sample_000028831,-1046,683,A4,1,[],[]
sample_000028833,606,504,A4,1,[],[]
sample_000028975,4111,4129,A4,1,[],[]
sample_000029052,3699,-5940,A4,1,[],[]
sample_000029433,-9626,-1925,A4,1,[],[]
sample_000029445,6649,6783,A4,1,[],[]
sample_000029468,-335,4815,A4,1,[],[]
sample_000029632,3090,-3979,A4,1,[],[]
sample_000029729,-6952,-8890,A4,1,[],[]
sample_000029830,-2389,6195,A4,1,[],[]
sample_000030123,9001,-5946,A4,1,[],[]
sample_000030201,7536,9885,A4,1,[],[]
sample_000030342,6677,3140,A4,1,[],[]
sample_000030560,4129,-7105,A4,1,[],[]
sample_000030572,-103,-9646,A4,1,[],[]
sample_000030696,9975,1291,A4,1,[],[]
sample_000030699,512,7980,A4,1,[],[]
sample_000030834,-2758,9341,A4,1,[],[]
sample_000030919,5479,3395,A4,1,[],[]
sample_000031258,-335,7827,A4,1,[],[]
sample_000031294,4850,3121,A4,1,[],[]
sample_000031352,-1504,5973,A4,1,[],[]
sample_000031656,5393,8438,A4,1,[],[]
sample_000031744,-559,-8466,A4,1,[],[]
sample_000031852,-5861,3023,A4,1,[],[]
sample_000031978,-1688,1533,A4,1,[],[]
sample_000032272,-2563,-8857,A4,1,[],[]
sample_000032411,-574,1556,A4,1,[],[]
sample_000032418,-5446,-2347,A4,1,[],[]
sample_000032726,5823,-4518,A4,1,[],[]
sample_000032861,-5295,6878,A4,1,[],[]
sample_000032971,-8829,5341,A4,1,[],[]
sample_000033148,3028,1670,A4,1,[],[]
sample_000033209,-9424,1671,A4,1,[],[]
sample_000033232,-4900,-5984,A4,1,[],[]
sample_000033322,-1750,-4568,A4,1,[],[]
sample_000033581,-6734,9716,A4,1,[],[]
sample_000033660,3741,-5073,A4,1,[],[]
sample_000033864,9053,3368,A4,1,[],[]
sample_000033885,9875,9434,A4,1,[],[]
sample_000034116,-1201,3155,A4,1,[],[]
sample_000034241,4769,-9905,A4,1,[],[]
sample_000034260,9028,6153,A4,1,[],[]
sample_000034353,4491,802,A4,1,[],[]
sample_000034795,-3444,6405,A4,1,[],[]
sample_000034813,-9654,8088,A4,1,[],[]
sample_000034859,-3774,-5081,A4,1,[],[]
sample_000034863,7543,-7821,A4,1,[],[]
sample_000034930,-7474,5067,A4,1,[],[]
sample_000034949,6211,2133,A4,1,[],[]
sample_000034988,-8466,688,A4,1,[],[]
sample_000035091,-5143,6835,A4,1,[],[]
sample_000035228,-9955,-9981,A4,1,[],[]
sample_000035303,-1112,1558,A4,1,[],[]
sample_000035315,-9098,9519,A4,1,[],[]
sample_000035372,-5602,-9822,A4,1,[],[]
sample_000035472,981,6468,A4,1,[],[]
sample_000035509,9040,-210,A4,1,[],[]
sample_000035538,2566,-5003,A4,1,[],[]
sample_000035674,-9840,-6634,A4,1,[],[]
sample_000035747,2286,-490,A4,1,[],[]
sample_000035815,7039,-3724,A4,1,[],[]
sample_000035977,8821,-2103,A4,1,[],[]
sample_000036036,-3852,1248,A4,1,[],[]
sample_000036082,-3515,5096,A4,1,[],[]
sample_000036189,7067,-3460,A4,1,[],[]
sample_000036228,-2184,-8802,A4,1,[],[]
sample_000036244,-3362,2813,A4,1,[],[]
sample_000036278,8806,4695,A4,1,[],[]
sample_000036442,-4923,-6475,A4,1,[],[]
sample_000036456,-7118,-2759,A4,1,[],[]
sample_000036514,-1892,3944,A4,1,[],[]
sample_000036751,-4662,9152,A4,1,[],[]
sample_000036880,7987,9455,A4,1,[],[]
sample_000037093,-8436,221,A4,1,[],[]
sample_000037113,7264,9957,A4,1,[],[]
sample_000037134,-2653,9214,A4,1,[],[]
sample_000037384,-8629,4997,A4,1,[],[]
sample_000037589,-170,-2142,A4,1,[],[]
sample_000037701,-648,3275,A4,1,[],[]
sample_000037949,2332,1464,A4,1,[],[]
sample_000037975,6276,-3886,A4,1,[],[]
sample_000038040,-1796,-1727,A4,1,[],[]
sample_000038098,-3171,-1568,A4,1,[],[]
sample_000038406,1752,4522,A4,1,[],[]
sample_000038603,-9973,4149,A4,1,[],[]
sample_000038653,-5170,6028,A4,1,[],[]
sample_000038692,6351,-3643,A4,1,[],[]
sample_000038717,5859,-9513,A4,1,[],[]
sample_000038732,-2472,-3159,A4,1,[],[]
sample_000038907,881,-1054,A4,1,[],[]
sample_000038949,8854,-4817,A4,1,[],[]
sample_000039076,-6513,-7910,A4,1,[],[]
sample_000039409,4066,-5390,A4,1,[],[]
sample_000039624,-5454,-2695,A4,1,[],[]
sample_000039633,-7754,-9838,A4,1,[],[]
sample_000039743,5911,6716,A4,1,[],[]
sample_000039819,9884,-8293,A4,1,[],[]
sample_000039842,522,7344,A4,1,[],[]
sample_000039851,9890,515,A4,1,[],[]
sample_000039863,-6446,3182,A4,1,[],[]
sample_000039914,5914,9684,A4,1,[],[]
sample_000040041,-3121,-5885,A4,1,[],[]
sample_000040068,-7585,-9103,A4,1,[],[]
sample_000040143,6815,-7282,A4,1,[],[]
sample_000040337,-529,-3829,A4,1,[],[]
sample_000040367,5540,-2492,A4,1,[],[]
sample_000040373,-1411,2656,A4,1,[],[]
sample_000040523,-5216,4159,A4,1,[],[]
sample_000040641,-3160,5917,A4,1,[],[]
sample_000040879,-4655,3701,A4,1,[],[]
sample_000041109,9131,4314,A4,1,[],[]
sample_000041128,-4780,9734,A4,1,[],[]
sample_000041140,-3283,-8826,A4,1,[],[]
sample_000041637,-804,2279,A4,1,[],[]
sample_000041662,7365,-473,A4,1,[],[]
sample_000041886,-9546,1228,A4,1,[],[]
sample_000041946,-8526,-6184,A4,1,[],[]
sample_000041965,9719,-5509,A4,1,[],[]
sample_000041989,-3228,-8907,A4,1,[],[]
sample_000042721,9064,4167,A4,1,[],[]
sample_000043072,-264,-7882,A4,1,[],[]
sample_000043267,7387,-8797,A4,1,[],[]
sample_000043666,1428,8371,A4,1,[],[]
sample_000043743,5014,-4925,A4,1,[],[]
sample_000044021,6165,1592,A4,1,[],[]
sample_000044413,7166,8230,A4,1,[],[]
sample_000044454,4102,1033,A4,1,[],[]
sample_000044607,-201,-7638,A4,1,[],[]
sample_000044652,2178,9964,A4,1,[],[]
sample_000044680,-5968,4834,A4,1,[],[]
sample_000044754,-1609,-9324,A4,1,[],[]
sample_000044846,-8960,-2367,A4,1,[],[]
sample_000044900,-7684,6497,A4,1,[],[]
sample_000044998,5161,8675,A4,1,[],[]
sample_000045010,6590,-1044,A4,1,[],[]
sample_000045068,2116,9081,A4,1,[],[]
sample_000045110,-7406,3188,A4,1,[],[]
sample_000045178,9606,-2562,A4,1,[],[]
sample_000045219,1432,4130,A4,1,[],[]
sample_000045315,-1462,-8764,A4,1,[],[]
sample_000045413,-7834,2821,A4,1,[],[]
sample_000045540,-8443,-1704,A4,1,[],[]
sample_000045748,-9661,1023,A4,1,[],[]
sample_000045829,-4316,-2542,A4,1,[],[]
sample_000045870,-8207,9513,A4,1,[],[]
sample_000046094,-1224,-1073,A4,1,[],[]
sample_000046162,146,4145,A4,1,[],[]
sample_000046344,987,-9942,A4,1,[],[]
sample_000046494,-103,7612,A4,1,[],[]
sample_000046513,-8123,6721,A4,1,[],[]
sample_000046514,4200,-5904,A4,1,[],[]
sample_000046612,-582,-4191,A4,1,[],[]
sample_000046780,-6306,-3953,A4,1,[],[]
sample_000046798,3052,1327,A4,1,[],[]
sample_000046847,219,507,A4,1,[],[]
sample_000046978,7598,-315,A4,1,[],[]
sample_000047022,8456,8475,A4,1,[],[]
sample_000047585,-2025,-933,A4,1,[],[]
sample_000047708,-4672,79,A4,1,[],[]
sample_000047940,-2108,-5797,A4,1,[],[]
sample_000048050,1987,388,A4,1,[],[]
sample_000048078,-5528,492,A4,1,[],[]
sample_000048328,-9417,-8570,A4,1,[],[]
sample_000048399,-1316,-2887,A4,1,[],[]
sample_000048401,-2025,8309,A4,1,[],[]
sample_000048436,-923,8944,A4,1,[],[]
sample_000048484,8495,8171,A4,1,[],[]
sample_000048689,-2050,-2072,A4,1,[],[]
sample_000048803,2264,-7460,A4,1,[],[]
sample_000049036,-2711,3711,A4,1,[],[]
sample_000049225,-8802,8948,A4,1,[],[]
sample_000049492,-6839,-5147,A4,1,[],[]
sample_000049521,-5710,7467,A4,1,[],[]
sample_000049665,8747,-3306,A4,1,[],[]
sample_000049796,785,8061,A4,1,[],[]
sample_000049884,-4189,1727,A4,1,[],[]
sample_000049944,-6515,-1139,A4,1,[],[]
sample_000049976,-6146,1385,A4,1,[],[]
sample_000050121,-8954,4236,A4,1,[],[]
sample_000050492,-5495,-5908,A4,1,[],[]
sample_000050619,-835,-6490,A4,1,[],[]
sample_000050739,-2633,7561,A4,1,[],[]
sample_000050759,-3744,8067,A4,1,[],[]
sample_000050866,7021,-1696,A4,1,[],[]
sample_000051016,8810,1847,A4,1,[],[]
sample_000051410,-4090,-8319,A4,1,[],[]
sample_000051413,4470,3014,A4,1,[],[]
sample_000051459,4665,2970,A4,1,[],[]
sample_000051561,-6853,8014,A4,1,[],[]
sample_000051632,678,-3798,A4,1,[],[]
sample_000051839,-6531,-6876,A4,1,[],[]
sample_000051856,569,1914,A4,1,[],[]
sample_000051908,-3363,3215,A4,1,[],[]
sample_000052057,-3989,3533,A4,1,[],[]
sample_000052065,9404,-8136,A4,1,[],[]
sample_000052081,3813,6527,A4,1,[],[]
sample_000052102,4868,-7527,A4,1,[],[]
sample_000052490,6334,-232,A4,1,[],[]
sample_000052578,3578,2216,A4,1,[],[]
sample_000052594,-4989,-5691,A4,1,[],[]
sample_000052744,-7254,2301,A4,1,[],[]
sample_000053136,2621,607,A4,1,[],[]
sample_000053142,-7182,-7274,A4,1,[],[]
sample_000053200,-8753,-111,A4,1,[],[]
sample_000053232,-7611,-6100,A4,1,[],[]
sample_000053279,1758,2502,A4,1,[],[]
sample_000053460,4060,-5185,A4,1,[],[]
sample_000053653,2596,-2349,A4,1,[],[]
sample_000053755,6206,-5987,A4,1,[],[]
sample_000053919,4268,1280,A4,1,[],[]
sample_000054056,-1210,1811,A4,1,[],[]
sample_000054092,-8054,-8836,A4,1,[],[]
sample_000054129,-7862,-8693,A4,1,[],[]
sample_000054212,-7630,5787,A4,1,[],[]
sample_000054296,9930,4503,A4,1,[],[]
sample_000054477,-2058,7793,A4,1,[],[]
sample_000054483,-5619,-1042,A4,1,[],[]
sample_000054523,3858,9924,A4,1,[],[]
sample_000054614,-5744,2481,A4,1,[],[]
sample_000054673,-6657,8462,A4,1,[],[]
sample_000054915,-1166,5476,A4,1,[],[]
sample_000055032,-4308,6592,A4,1,[],[]
sample_000055184,-497,4449,A4,1,[],[]
sample_000055293,-8106,9091,A4,1,[],[]
sample_000055301,2179,3847,A4,1,[],[]
sample_000055318,4921,8446,A4,1,[],[]
sample_000055491,427,857,A4,1,[],[]
sample_000055521,-5910,4386,A4,1,[],[]
sample_000055570,-8627,8029,A4,1,[],[]
sample_000055954,6040,-3204,A4,1,[],[]
sample_000055964,5672,7031,A4,1,[],[]
sample_000055976,-7990,-1730,A4,1,[],[]
sample_000056384,8003,-2882,A4,1,[],[]
sample_000056411,-4294,3616,A4,1,[],[]
sample_000056603,-4893,-3829,A4,1,[],[]
sample_000056818,-8199,-1223,A4,1,[],[]
sample_000056881,-1591,279,A4,1,[],[]
sample_000056990,8457,-6552,A4,1,[],[]
sample_000057082,-7261,-6882,A4,1,[],[]
sample_000057113,7426,3195,A4,1,[],[]
sample_000057147,-3154,3113,A4,1,[],[]
sample_000057322,-1973,2838,A4,1,[],[]
sample_000057954,1549,-8123,A4,1,[],[]
sample_000058043,7669,-6694,A4,1,[],[]
sample_000058068,-2641,-3130,A4,1,[],[]
sample_000058135,8350,2322,A4,1,[],[]
sample_000058191,9901,-5463,A4,1,[],[]
sample_000058583,5160,-5661,A4,1,[],[]
sample_000058715,-9494,-2885,A4,1,[],[]
sample_000058795,3763,-9136,A4,1,[],[]
sample_000058850,-4334,2857,A4,1,[],[]
sample_000059170,8632,-6101,A4,1,[],[]
sample_000059174,-9837,-6066,A4,1,[],[]
sample_000059194,-9366,6647,A4,1,[],[]
sample_000059213,9372,5485,A4,1,[],[]
sample_000059341,559,-7054,A4,1,[],[]
sample_000059368,-6582,-6992,A4,1,[],[]
sample_000059458,7621,-120,A4,1,[],[]
sample_000059464,8015,-1222,A4,1,[],[]
sample_000059534,9406,-8101,A4,1,[],[]
sample_000059542,-6892,9017,A4,1,[],[]
sample_000059720,6841,-529,A4,1,[],[]
sample_000059893,9294,4200,A4,1,[],[]
sample_000060083,3441,-4323,A4,1,[],[]
sample_000060150,3902,8134,A4,1,[],[]
sample_000060153,6061,9858,A4,1,[],[]
sample_000060177,9321,6857,A4,1,[],[]
sample_000060188,-4592,-896,A4,1,[],[]
sample_000060318,-4833,-5652,A4,1,[],[]
sample_000060343,435,-3771,A4,1,[],[]
sample_000060425,-1285,7433,A4,1,[],[]
sample_000060491,-6298,972,A4,1,[],[]
sample_000060710,4603,5506,A4,1,[],[]
sample_000060824,-9774,-21,A4,1,[],[]
sample_000061124,-4937,8113,A4,1,[],[]
sample_000061323,-2607,-6678,A4,1,[],[]
sample_000061330,-9182,-5145,A4,1,[],[]
sample_000061371,8249,-644,A4,1,[],[]
sample_000061375,-882,-4200,A4,1,[],[]
sample_000061516,5073,-6766,A4,1,[],[]
sample_000061583,9536,-6351,A4,1,[],[]
sample_000061599,2772,2409,A4,1,[],[]
sample_000061664,-2737,-4000,A4,1,[],[]
sample_000061688,102,-5388,A4,1,[],[]
sample_000061696,-4853,369,A4,1,[],[]
sample_000061713,2429,4555,A4,1,[],[]
sample_000061931,4431,7875,A4,1,[],[]
sample_000062013,1763,3913,A4,1,[],[]
sample_000062128,3505,5454,A4,1,[],[]
sample_000062180,189,-648,A4,1,[],[]
sample_000062299,3067,-6536,A4,1,[],[]
sample_000062458,2351,-1579,A4,1,[],[]
sample_000062576,-454,-2751,A4,1,[],[]
sample_000062593,9828,-9426,A4,1,[],[]
sample_000062668,1844,7821,A4,1,[],[]
sample_000062675,1990,3296,A4,1,[],[]
sample_000062734,3094,6183,A4,1,[],[]
sample_000062954,3692,7308,A4,1,[],[]
sample_000062965,-7147,-2469,A4,1,[],[]
sample_000062975,-303,-8787,A4,1,[],[]
sample_000063155,1870,4269,A4,1,[],[]
sample_000063224,-6693,-1842,A4,1,[],[]
sample_000063372,7678,-8084,A4,1,[],[]
sample_000063417,4513,-3151,A4,1,[],[]
sample_000063528,-4835,2758,A4,1,[],[]
sample_000063564,7854,1569,A4,1,[],[]
sample_000063630,7004,-3176,A4,1,[],[]
sample_000063641,-5991,-46,A4,1,[],[]
sample_000063987,-3007,-1120,A4,1,[],[]
sample_000064098,-3445,249,A4,1,[],[]
sample_000064203,-71,9627,A4,1,[],[]
sample_000064271,-9135,6601,A4,1,[],[]
sample_000064290,-6426,-7242,A4,1,[],[]
sample_000064355,-5196,4336,A4,1,[],[]
sample_000064443,-3910,-9223,A4,1,[],[]
sample_000064467,4918,-5057,A4,1,[],[]
sample_000064632,-3452,5729,A4,1,[],[]
sample_000064656,-5331,8062,A4,1,[],[]
sample_000064657,-8556,-603,A4,1,[],[]
sample_000064831,5322,3165,A4,1,[],[]
sample_000064922,124,9279,A4,1,[],[]
sample_000065075,-9994,-7721,A4,1,[],[]
sample_000065167,-2072,-7705,A4,1,[],[]
sample_000065175,-7350,2743,A4,1,[],[]
sample_000065359,-4750,-4992,A4,1,[],[]
sample_000065490,-1844,-2087,A4,1,[],[]
sample_000065539,-2461,7876,A4,1,[],[]
sample_000065611,-7037,4839,A4,1,[],[]
sample_000065697,5215,-700,A4,1,[],[]
sample_000065715,-7077,7631,A4,1,[],[]
sample_000065776,-4893,2878,A4,1,[],[]
sample_000066134,5843,1194,A4,1,[],[]
sample_000066481,-6094,2437,A4,1,[],[]
sample_000066580,-1105,4645,A4,1,[],[]
sample_000066681,-4710,-9987,A4,1,[],[]
sample_000066747,-1633,-3807,A4,1,[],[]
sample_000066780,-6902,-7876,A4,1,[],[]
sample_000066839,-7655,-1640,A4,1,[],[]
sample_000066953,-5705,-3194,A4,1,[],[]
sample_000067090,7038,2565,A4,1,[],[]
sample_000067156,-8228,-3944,A4,1,[],[]
sample_000067207,-8505,-3248,A4,1,[],[]
sample_000067640,-4641,8555,A4,1,[],[]
sample_000068098,3309,-827,A4,1,[],[]
sample_000068226,-2708,-1171,A4,1,[],[]
sample_000068406,-467,9499,A4,1,[],[]
sample_000068529,642,8510,A4,1,[],[]
sample_000068567,945,10000,A4,1,[],[]
sample_000068801,-3614,692,A4,1,[],[]
sample_000068871,-5485,1606,A4,1,[],[]
sample_000068885,2697,-6044,A4,1,[],[]
sample_000068926,-130,-8681,A4,1,[],[]
sample_000069078,363,-8168,A4,1,[],[]
sample_000069172,8687,-9249,A4,1,[],[]
sample_000069232,5688,4872,A4,1,[],[]
sample_000069260,9315,8178,A4,1,[],[]
sample_000069313,3877,6767,A4,1,[],[]
sample_000069325,9435,9586,A4,1,[],[]
sample_000069369,2032,-3823,A4,1,[],[]
sample_000069408,-3726,6154,A4,1,[],[]
sample_000069854,1978,2101,A4,1,[],[]
sample_000069897,7559,2079,A4,1,[],[]
sample_000069919,-6315,5615,A4,1,[],[]
sample_000070038,8486,8176,A4,1,[],[]
sample_000070066,-7911,7360,A4,1,[],[]
sample_000070088,7972,2199,A4,1,[],[]
sample_000070117,112,8203,A4,1,[],[]
sample_000070280,8203,1866,A4,1,[],[]
sample_000070357,-2190,-8375,A4,1,[],[]
sample_000070371,-4548,-5948,A4,1,[],[]
sample_000070398,-3281,-6765,A4,1,[],[]
sample_000070421,4568,-1923,A4,1,[],[]
sample_000070450,-9029,6603,A4,1,[],[]
sample_000070512,2203,-7370,A4,1,[],[]
sample_000070514,-8541,9887,A4,1,[],[]
sample_000070686,-8046,-8859,A4,1,[],[]
sample_000070720,-8066,-3147,A4,1,[],[]
sample_000070725,5440,9108,A4,1,[],[]
sample_000070839,2333,8519,A4,1,[],[]
sample_000070846,-4560,5279,A4,1,[],[]
sample_000071041,-9542,725,A4,1,[],[]
sample_000071104,7553,667,A4,1,[],[]
sample_000071302,-7881,-4210,A4,1,[],[]
sample_000071327,2299,-4104,A4,1,[],[]
sample_000071650,-4576,7784,A4,1,[],[]
sample_000071875,96,-2728,A4,1,[],[]
sample_000071889,-4724,-6790,A4,1,[],[]
sample_000072019,-1932,-1797,A4,1,[],[]
sample_000072100,-4467,8258,A4,1,[],[]
sample_000072169,-4287,287,A4,1,[],[]
sample_000072370,-8157,2258,A4,1,[],[]
sample_000072379,-7886,1917,A4,1,[],[]
sample_000072607,4339,-1608,A4,1,[],[]
sample_000072685,-7422,-7145,A4,1,[],[]
sample_000072774,-4172,-9552,A4,1,[],[]
sample_000072897,-4009,5982,A4,1,[],[]
sample_000072920,-7812,-6358,A4,1,[],[]
sample_000073251,6360,5789,A4,1,[],[]
sample_000073358,5589,781,A4,1,[],[]
sample_000073385,-665,2856,A4,1,[],[]
sample_000073466,4459,-9412,A4,1,[],[]
sample_000073533,958,5825,A4,1,[],[]
sample_000073765,1310,-8610,A4,1,[],[]
sample_000073772,9860,-2001,A4,1,[],[]
sample_000073806,-5283,5367,A4,1,[],[]
sample_000073878,-3730,8755,A4,1,[],[]
sample_000073925,-3573,-7890,A4,1,[],[]
sample_000074197,5530,8974,A4,1,[],[]
sample_000074250,3598,4605,A4,1,[],[]
sample_000074282,-777,2978,A4,1,[],[]
sample_000074367,-2074,-4303,A4,1,[],[]
sample_000074369,-2476,9647,A4,1,[],[]
sample_000074481,160,-3675,A4,1,[],[]
sample_000074511,-2173,-1193,A4,1,[],[]
sample_000074518,8724,-3639,A4,1,[],[]
sample_000074520,-4301,-8230,A4,1,[],[]
sample_000074642,-9666,-6739,A4,1,[],[]
sample_000074882,-9861,-995,A4,1,[],[]
sample_000075081,936,335,A4,1,[],[]
sample_000075104,-4128,8797,A4,1,[],[]
sample_000075247,-3666,-7934,A4,1,[],[]
sample_000075496,5591,-2836,A4,1,[],[]
sample_000075527,-5929,-1231,A4,1,[],[]
sample_000075577,-4165,4503,A4,1,[],[]
sample_000075663,8189,2152,A4,1,[],[]
sample_000075670,9752,1877,A4,1,[],[]
sample_000075749,-4494,-4528,A4,1,[],[]
sample_000075803,4,-1102,A4,1,[],[]
sample_000075809,3671,-2603,A4,1,[],[]
sample_000075985,7322,535,A4,1,[],[]
sample_000076126,6436,-3228,A4,1,[],[]
sample_000076258,-8211,5525,A4,1,[],[]
sample_000076484,389,-8232,A4,1,[],[]
sample_000076844,4853,-4082,A4,1,[],[]
sample_000076898,8044,-7590,A4,1,[],[]
sample_000076904,-9864,6668,A4,1,[],[]
sample_000076905,2444,-4083,A4,1,[],[]
sample_000076911,-9250,4253,A4,1,[],[]
sample_000076965,3340,-6501,A4,1,[],[]
sample_000077006,3520,-950,A4,1,[],[]
sample_000077035,5639,-5273,A4,1,[],[]
sample_000077117,871,-9627,A4,1,[],[]
sample_000077389,5569,9215,A4,1,[],[]
sample_000077577,1854,-3045,A4,1,[],[]
sample_000077815,2137,1929,A4,1,[],[]
sample_000077966,9599,9206,A4,1,[],[]
sample_000078055,-3448,-8776,A4,1,[],[]
sample_000078188,-5743,9311,A4,1,[],[]
sample_000078673,2459,-5660,A4,1,[],[]
sample_000078741,-1447,8495,A4,1,[],[]
sample_000078877,-1588,-3190,A4,1,[],[]
sample_000078932,-4123,-6515,A4,1,[],[]
sample_000079161,5949,8002,A4,1,[],[]
sample_000079331,-469,129,A4,1,[],[]
sample_000079505,9683,1867,A4,1,[],[]
sample_000079523,3905,7820,A4,1,[],[]
sample_000079590,-485,-2265,A4,1,[],[]
sample_000079595,-1794,8385,A4,1,[],[]
sample_000079700,-8026,7556,A4,1,[],[]
sample_000079941,2080,8409,A4,1,[],[]
sample_000080061,-28,-9469,A4,1,[],[]
sample_000080125,8002,2492,A4,1,[],[]
sample_000080137,9669,3477,A4,1,[],[]
sample_000080595,-8064,9567,A4,1,[],[]
sample_000080657,1868,6021,A4,1,[],[]
sample_000080792,-3165,-3226,A4,1,[],[]
sample_000080817,9951,-6499,A4,1,[],[]
sample_000080945,-1563,4303,A4,1,[],[]
sample_000081038,-8925,-4666,A4,1,[],[]
sample_000081140,-4205,-3276,A4,1,[],[]
sample_000081153,-5455,-249,A4,1,[],[]
sample_000081193,5777,800,A4,1,[],[]
sample_000081370,366,-1523,A4,1,[],[]
sample_000081490,6225,2481,A4,1,[],[]
sample_000081493,2844,-1763,A4,1,[],[]
sample_000081679,-5982,-1721,A4,1,[],[]
sample_000081852,-9781,9519,A4,1,[],[]
sample_000081977,-1695,9498,A4,1,[],[]
sample_000081994,120,3046,A4,1,[],[]
sample_000082504,3525,8176,A4,1,[],[]
sample_000082509,-7813,-6101,A4,1,[],[]
sample_000082561,-6757,-8215,A4,1,[],[]
sample_000082598,3941,2902,A4,1,[],[]
sample_000082774,8772,-4053,A4,1,[],[]
sample_000082824,935,-1523,A4,1,[],[]
sample_000082930,2157,5901,A4,1,[],[]
sample_000082968,-6910,-9769,A4,1,[],[]
sample_000082985,210,-7593,A4,1,[],[]
sample_000083033,9852,4829,A4,1,[],[]
sample_000083088,1010,-9258,A4,1,[],[]
sample_000083245,-1726,496,A4,1,[],[]
sample_000083324,9253,5102,A4,1,[],[]
sample_000083784,7281,-5571,A4,1,[],[]
sample_000083889,-686,-1075,A4,1,[],[]
sample_000083918,-9192,-2399,A4,1,[],[]
sample_000083923,9304,3449,A4,1,[],[]
sample_000083926,6668,7241,A4,1,[],[]
sample_000083988,4412,1184,A4,1,[],[]
sample_000084355,-1704,-7606,A4,1,[],[]
sample_000084438,7742,506,A4,1,[],[]
sample_000084583,-6455,5954,A4,1,[],[]
sample_000084739,3251,-6409,A4,1,[],[]
sample_000084760,-4635,406,A4,1,[],[]
sample_000084763,-4738,6786,A4,1,[],[]
sample_000084840,7611,-9097,A4,1,[],[]
sample_000085068,-4070,2441,A4,1,[],[]
sample_000085123,9480,255,A4,1,[],[]
sample_000085306,2461,105,A4,1,[],[]
sample_000085337,2393,5194,A4,1,[],[]
sample_000085451,-7582,2756,A4,1,[],[]
sample_000085499,-504,955,A4,1,[],[]
sample_000085933,607,2869,A4,1,[],[]
sample_000085992,-6335,-1896,A4,1,[],[]
sample_000086023,-7374,3341,A4,1,[],[]
sample_000086054,8010,1482,A4,1,[],[]
sample_000086241,7157,3701,A4,1,[],[]
sample_000086324,8089,-1195,A4,1,[],[]
sample_000086344,5003,-9073,A4,1,[],[]
sample_000086351,-7626,-3309,A4,1,[],[]
sample_000086718,-9991,-5749,A4,1,[],[]
sample_000086754,-7476,-4637,A4,1,[],[]
sample_000086825,-9415,541,A4,1,[],[]
sample_000086888,-525,6821,A4,1,[],[]
sample_000086934,1223,3281,A4,1,[],[]
sample_000086948,3389,8827,A4,1,[],[]
sample_000087102,-1079,-2126,A4,1,[],[]
sample_000087109,-4604,-9990,A4,1,[],[]
sample_000087199,4202,-4485,A4,1,[],[]
sample_000087228,1450,3960,A4,1,[],[]
sample_000087236,-6053,1831,A4,1,[],[]
sample_000087300,-7203,3121,A4,1,[],[]
sample_000087437,4263,-4417,A4,1,[],[]
sample_000087451,-4967,-2379,A4,1,[],[]
sample_000087527,-8909,-3583,A4,1,[],[]
sample_000087670,5920,-8601,A4,1,[],[]
sample_000087795,-5723,6636,A4,1,[],[]
sample_000087904,8158,3181,A4,1,[],[]
sample_000088042,8531,8738,A4,1,[],[]
sample_000088121,-7161,3131,A4,1,[],[]
sample_000088150,-3908,-8334,A4,1,[],[]
sample_000088643,5398,9674,A4,1,[],[]
sample_000088773,-5498,-7889,A4,1,[],[]
sample_000088903,-6082,2802,A4,1,[],[]
sample_000088948,1354,4054,A4,1,[],[]
sample_000088955,-9669,-1359,A4,1,[],[]
sample_000089002,5637,1167,A4,1,[],[]
sample_000089241,-7510,1557,A4,1,[],[]
sample_000089282,7655,-901,A4,1,[],[]
sample_000089441,-7848,6200,A4,1,[],[]
sample_000089806,-7576,-7904,A4,1,[],[]
sample_000089849,9407,-8249,A4,1,[],[]
sample_000090063,2928,-934,A4,1,[],[]
sample_000090151,1305,3520,A4,1,[],[]
sample_000090240,-5220,5915,A4,1,[],[]
sample_000090247,9282,-4816,A4,1,[],[]
sample_000090788,1622,938,A4,1,[],[]
sample_000090902,6226,-1410,A4,1,[],[]
sample_000090939,-1149,757,A4,1,[],[]
sample_000091043,5654,2753,A4,1,[],[]
sample_000091235,696,4124,A4,1,[],[]
sample_000091305,719,5102,A4,1,[],[]
sample_000091309,-2237,-2848,A4,1,[],[]
sample_000091457,2158,8444,A4,1,[],[]
sample_000091523,-7036,936,A4,1,[],[]
sample_000091636,3400,-8903,A4,1,[],[]
sample_000091768,-7777,6233,A4,1,[],[]
sample_000091947,7429,-7925,A4,1,[],[]
sample_000092347,5929,-2670,A4,1,[],[]
sample_000092466,4223,-4988,A4,1,[],[]
sample_000092556,-9783,19,A4,1,[],[]
sample_000092712,-5946,6706,A4,1,[],[]
sample_000092796,-3211,-4606,A4,1,[],[]
sample_000093041,7584,4772,A4,1,[],[]
sample_000093090,-864,6353,A4,1,[],[]
sample_000093157,-5200,1745,A4,1,[],[]
sample_000093212,6027,-6637,A4,1,[],[]
sample_000093253,-3022,9719,A4,1,[],[]
sample_000093254,-6726,2362,A4,1,[],[]
sample_000093389,-4619,2427,A4,1,[],[]
sample_000093522,3286,-7897,A4,1,[],[]
sample_000093554,4085,7704,A4,1,[],[]
sample_000093705,-6714,-6616,A4,1,[],[]
sample_000093780,-917,2902,A4,1,[],[]
sample_000093798,4236,-5277,A4,1,[],[]
sample_000093917,4695,105,A4,1,[],[]
sample_000093953,6974,4811,A4,1,[],[]
sample_000094063,-5916,7233,A4,1,[],[]
sample_000094075,9129,5695,A4,1,[],[]
sample_000094087,5102,2337,A4,1,[],[]
sample_000094151,5175,6292,A4,1,[],[]
sample_000094268,585,808,A4,1,[],[]
sample_000094289,-3645,1950,A4,1,[],[]
sample_000094471,341,-6412,A4,1,[],[]
sample_000094618,-8912,-1242,A4,1,[],[]
sample_000094645,-2694,-7069,A4,1,[],[]
sample_000094744,337,9332,A4,1,[],[]
sample_000094746,7372,3946,A4,1,[],[]
sample_000094791,4261,-3222,A4,1,[],[]
sample_000094969,5678,-968,A4,1,[],[]
sample_000095075,-8195,5405,A4,1,[],[]
sample_000095159,4438,6513,A4,1,[],[]
sample_000095242,4095,3590,A4,1,[],[]
sample_000095329,9358,903,A4,1,[],[]
sample_000095375,-4265,-3619,A4,1,[],[]
sample_000095377,4109,2480,A4,1,[],[]
sample_000095524,6424,5010,A4,1,[],[]
sample_000095659,5708,-66,A4,1,[],[]
sample_000095680,-7624,-9560,A4,1,[],[]
sample_000095689,9347,-970,A4,1,[],[]
sample_000095695,-97,2628,A4,1,[],[]
sample_000095698,-9625,6939,A4,1,[],[]
sample_000095756,-6526,9672,A4,1,[],[]
sample_000095847,9319,9036,A4,1,[],[]
sample_000095881,4409,-2230,A4,1,[],[]
sample_000095890,1282,-8747,A4,1,[],[]
sample_000096010,-2804,-6672,A4,1,[],[]
sample_000096035,-3118,3649,A4,1,[],[]
sample_000096162,-5698,4894,A4,1,[],[]
sample_000096224,-7555,-1578,A4,1,[],[]
sample_000096498,-3805,6595,A4,1,[],[]
sample_000096578,6843,-3640,A4,1,[],[]
sample_000096652,5233,-632,A4,1,[],[]
sample_000096729,3172,-5354,A4,1,[],[]
sample_000096772,-5655,6388,A4,1,[],[]
sample_000096854,-8586,4077,A4,1,[],[]
sample_000097001,5999,-7331,A4,1,[],[]
sample_000097194,-1977,-5885,A4,1,[],[]
sample_000097427,-4771,-3940,A4,1,[],[]
sample_000097464,7621,-3071,A4,1,[],[]
sample_000097533,6834,6861,A4,1,[],[]
sample_000097585,-1091,-2244,A4,1,[],[]
sample_000097704,137,-2805,A4,1,[],[]
sample_000097816,1112,3040,A4,1,[],[]
sample_000097904,-7240,-8058,A4,1,[],[]
sample_000098037,-8835,-5846,A4,1,[],[]
sample_000098151,6147,-633,A4,1,[],[]
sample_000098375,7396,1608,A4,1,[],[]
sample_000098631,5473,-4641,A4,1,[],[]
sample_000098841,3899,-8917,A4,1,[],[]
sample_000098860,-2920,5493,A4,1,[],[]
sample_000099039,-144,7940,A4,1,[],[]
sample_000099044,2251,9686,A4,1,[],[]
sample_000099426,-6896,-8791,A4,1,[],[]
sample_000099455,-5466,-4994,A4,1,[],[]
sample_000099615,5948,9516,A4,1,[],[]
sample_000099811,9312,-2021,A4,1,[],[]
sample_000099930,-7532,-9911,A4,1,[],[]
sample_000100094,8763,1587,A4,1,[],[]
sample_000100230,9686,4632,A4,1,[],[]
sample_000100234,3365,2819,A4,1,[],[]
sample_000100259,-3296,-9804,A4,1,[],[]
sample_000100349,-7057,7366,A4,1,[],[]
sample_000100485,5539,-5943,A4,1,[],[]
sample_000100572,-691,-3203,A4,1,[],[]
sample_000100606,6279,-3420,A4,1,[],[]
sample_000100655,5405,2123,A4,1,[],[]
sample_000100686,6969,-7357,A4,1,[],[]
sample_000100906,3133,-2044,A4,1,[],[]
sample_000100923,5132,9396,A4,1,[],[]
sample_000100965,28,15,A4,1,[],[]
sample_000101007,-6986,707,A4,1,[],[]
sample_000101054,5410,-5076,A4,1,[],[]
sample_000101148,5115,-8205,A4,1,[],[]
sample_000101159,4522,8487,A4,1,[],[]
sample_000101259,-688,7556,A4,1,[],[]
sample_000101377,-3450,69,A4,1,[],[]
sample_000101439,-8062,-4779,A4,1,[],[]
sample_000101466,1708,-4530,A4,1,[],[]
sample_000101501,-4790,-9704,A4,1,[],[]
sample_000101572,1117,3450,A4,1,[],[]
sample_000101640,9180,768,A4,1,[],[]
sample_000101746,-2119,6593,A4,1,[],[]
sample_000101802,-9991,1466,A4,1,[],[]
sample_000101931,-441,-8094,A4,1,[],[]
sample_000102043,3679,2833,A4,1,[],[]
sample_000102045,-6972,-7938,A4,1,[],[]
sample_000102088,2714,1496,A4,1,[],[]
sample_000102311,6991,2681,A4,1,[],[]
sample_000102408,-3280,9992,A4,1,[],[]
sample_000102499,-2433,-1049,A4,1,[],[]
sample_000102785,3035,3561,A4,1,[],[]
sample_000102812,-3216,728,A4,1,[],[]
sample_000102921,3148,-7726,A4,1,[],[]
sample_000103026,4105,-1661,A4,1,[],[]
sample_000103185,9993,7071,A4,1,[],[]
sample_000103284,4321,-7378,A4,1,[],[]
sample_000103549,-786,1710,A4,1,[],[]
sample_000103591,8270,-4814,A4,1,[],[]
sample_000103714,9631,-2908,A4,1,[],[]
sample_000103808,7729,1685,A4,1,[],[]
sample_000103930,5347,3227,A4,1,[],[]
sample_000104116,7793,-1345,A4,1,[],[]
sample_000104281,4668,-5430,A4,1,[],[]
sample_000104598,-8939,-2473,A4,1,[],[]
sample_000104665,-5914,3154,A4,1,[],[]
sample_000104771,-5974,-36,A4,1,[],[]
sample_000104810,8059,-3665,A4,1,[],[]
sample_000105006,-6122,-1779,A4,1,[],[]
sample_000105110,7162,121,A4,1,[],[]
sample_000105121,-7253,1039,A4,1,[],[]
sample_000105258,-430,-9742,A4,1,[],[]
sample_000105310,-9646,9592,A4,1,[],[]
sample_000105352,9970,-1573,A4,1,[],[]
sample_000105399,-6333,-1780,A4,1,[],[]
sample_000105458,-2833,-7679,A4,1,[],[]
sample_000105678,-2618,-3329,A4,1,[],[]
sample_000105680,9074,-7378,A4,1,[],[]
sample_000105683,-3560,-9170,A4,1,[],[]
sample_000105710,-3003,4519,A4,1,[],[]
sample_000105743,-1522,-9958,A4,1,[],[]
sample_000105903,9514,4595,A4,1,[],[]
sample_000106026,368,-2030,A4,1,[],[]
sample_000106038,-1547,2752,A4,1,[],[]
sample_000106044,1897,8250,A4,1,[],[]
sample_000106168,-2200,-5056,A4,1,[],[]
sample_000106192,9392,882,A4,1,[],[]
sample_000106234,4092,4937,A4,1,[],[]
sample_000106373,4539,-6077,A4,1,[],[]
sample_000106433,3128,4581,A4,1,[],[]
sample_000106645,7119,648,A4,1,[],[]
sample_000106672,620,2786,A4,1,[],[]
sample_000106703,-9219,-1345,A4,1,[],[]
sample_000106723,-2877,4383,A4,1,[],[]
sample_000106821,7151,816,A4,1,[],[]
sample_000106853,8101,-1353,A4,1,[],[]
sample_000106909,-5686,2019,A4,1,[],[]
sample_000107154,1232,6682,A4,1,[],[]
sample_000107251,-2015,2142,A4,1,[],[]
sample_000107255,4533,-6775,A4,1,[],[]
sample_000107609,9034,6213,A4,1,[],[]
sample_000107616,-7051,-2928,A4,1,[],[]
sample_000107780,7688,-3715,A4,1,[],[]
sample_000107900,6041,3958,A4,1,[],[]
sample_000108129,5277,-938,A4,1,[],[]
sample_000108181,1858,5669,A4,1,[],[]
sample_000108461,-7239,-8743,A4,1,[],[]
sample_000108575,-3936,-2509,A4,1,[],[]
sample_000108615,-9308,-4976,A4,1,[],[]
sample_000108636,-7546,-7910,A4,1,[],[]
sample_000108650,8757,-1907,A4,1,[],[]
sample_000108655,-4952,9483,A4,1,[],[]
sample_000108945,-5364,-2715,A4,1,[],[]
sample_000108999,9971,9000,A4,1,[],[]
sample_000109106,-7578,7756,A4,1,[],[]
sample_000109262,3104,-2588,A4,1,[],[]
sample_000109558,-7337,3937,A4,1,[],[]
sample_000110108,-9421,8627,A4,1,[],[]
sample_000110121,7681,-3329,A4,1,[],[]
sample_000110308,4299,-8316,A4,1,[],[]
sample_000110508,-9255,7656,A4,1,[],[]
sample_000110678,3921,-9851,A4,1,[],[]
sample_000110682,4275,-9507,A4,1,[],[]
sample_000110691,-2853,-6178,A4,1,[],[]
sample_000110753,-4385,8475,A4,1,[],[]
sample_000110780,5130,7168,A4,1,[],[]
sample_000110924,-1912,6260,A4,1,[],[]
sample_000110929,-5781,3723,A4,1,[],[]
sample_000110955,2511,2385,A4,1,[],[]
sample_000111132,-2994,-1691,A4,1,[],[]
sample_000111186,-2427,5377,A4,1,[],[]
sample_000111195,-4671,9446,A4,1,[],[]
sample_000111214,-8336,2449,A4,1,[],[]
sample_000111359,-1253,-1488,A4,1,[],[]
sample_000111420,-2131,9826,A4,1,[],[]
sample_000111513,4149,8478,A4,1,[],[]
sample_000111776,-3335,-1906,A4,1,[],[]
sample_000112149,-4537,-9250,A4,1,[],[]
sample_000112247,8757,-4559,A4,1,[],[]
sample_000112306,2736,5838,A4,1,[],[]
sample_000112562,2327,3710,A4,1,[],[]
sample_000112599,-6744,-2424,A4,1,[],[]
sample_000112675,-4206,-9466,A4,1,[],[]
sample_000112818,2946,6673,A4,1,[],[]
sample_000113080,2803,5685,A4,1,[],[]
sample_000113121,-8240,6264,A4,1,[],[]
sample_000113436,8310,-4395,A4,1,[],[]
sample_000113495,5235,-4120,A4,1,[],[]
sample_000113608,-6240,-259,A4,1,[],[]
sample_000113616,8826,-9127,A4,1,[],[]
sample_000113619,8688,-5465,A4,1,[],[]
sample_000113791,532,119,A4,1,[],[]
sample_000114013,-2310,-1111,A4,1,[],[]
sample_000114111,-9675,-4555,A4,1,[],[]
sample_000114214,9025,6192,A4,1,[],[]
sample_000114391,5173,-7739,A4,1,[],[]
sample_000114413,-5233,2708,A4,1,[],[]
sample_000114521,3460,-5650,A4,1,[],[]
sample_000114559,7401,9715,A4,1,[],[]
sample_000114922,-4249,-1438,A4,1,[],[]
sample_000114946,-8692,-4726,A4,1,[],[]
sample_000115001,-3818,-5819,A4,1,[],[]
sample_000115168,-3593,-9395,A4,1,[],[]
sample_000115173,-7563,1805,A4,1,[],[]
sample_000115370,8784,-7096,A4,1,[],[]
sample_000115444,8253,-6497,A4,1,[],[]
sample_000115483,-4977,4795,A4,1,[],[]
sample_000115868,-898,972,A4,1,[],[]
sample_000115897,8038,-1345,A4,1,[],[]
sample_000116005,771,8034,A4,1,[],[]
sample_000116114,-8706,-9522,A4,1,[],[]
sample_000116131,-2483,9955,A4,1,[],[]
sample_000116214,2999,-4059,A4,1,[],[]
sample_000116365,7554,-5099,A4,1,[],[]
sample_000116400,7925,-1917,A4,1,[],[]
sample_000116417,-9619,-2259,A4,1,[],[]
sample_000116559,3031,-4318,A4,1,[],[]
sample_000116599,-9883,4266,A4,1,[],[]
sample_000116644,9966,4953,A4,1,[],[]
sample_000116660,-1752,-8337,A4,1,[],[]
sample_000116765,7234,-6029,A4,1,[],[]
sample_000117056,3624,-2469,A4,1,[],[]
sample_000117139,1248,2555,A4,1,[],[]
sample_000117149,-9951,-1161,A4,1,[],[]
sample_000117236,-8594,-497,A4,1,[],[]
sample_000117259,-773,4383,A4,1,[],[]
sample_000117375,1703,-7967,A4,1,[],[]
sample_000117438,-6058,-2880,A4,1,[],[]
sample_000117480,4477,9547,A4,1,[],[]
sample_000117607,4530,7771,A4,1,[],[]
sample_000117651,7073,1682,A4,1,[],[]
sample_000117882,9097,8963,A4,1,[],[]
sample_000117945,2052,-7419,A4,1,[],[]
sample_000118187,5416,-7926,A4,1,[],[]
sample_000118297,-5324,1374,A4,1,[],[]
sample_000118396,-9523,9090,A4,1,[],[]
sample_000118416,-3696,5883,A4,1,[],[]
sample_000118453,3693,6048,A4,1,[],[]
sample_000118472,5661,536,A4,1,[],[]
sample_000118497,3135,-4884,A4,1,[],[]
sample_000118517,7490,-7550,A4,1,[],[]
sample_000118537,7020,-4454,A4,1,[],[]
sample_000118617,-1755,3180,A4,1,[],[]
sample_000118630,-4894,159,A4,1,[],[]
sample_000118648,12,-630,A4,1,[],[]
sample_000118957,-9252,-8305,A4,1,[],[]
sample_000119044,-4563,-9768,A4,1,[],[]
sample_000119110,-5080,6142,A4,1,[],[]
sample_000119174,-3347,-6479,A4,1,[],[]
sample_000119249,6803,4030,A4,1,[],[]
sample_000119264,-5235,-9484,A4,1,[],[]
sample_000119271,548,2579,A4,1,[],[]
sample_000119418,-3837,5142,A4,1,[],[]
sample_000119419,3117,5550,A4,1,[],[]
sample_000119496,-8315,8721,A4,1,[],[]
sample_000119581,6150,-1362,A4,1,[],[]
sample_000119845,7527,7633,A4,1,[],[]
sample_000120211,8493,-8172,A4,1,[],[]
sample_000120333,-270,5651,A4,1,[],[]
sample_000120354,-13,9125,A4,1,[],[]
sample_000120453,-4663,-5987,A4,1,[],[]
sample_000120464,2915,7091,A4,1,[],[]
sample_000120556,-5174,9564,A4,1,[],[]
sample_000120579,-6021,5735,A4,1,[],[]
sample_000120596,5127,-9520,A4,1,[],[]
sample_000120670,1681,2834,A4,1,[],[]
sample_000120757,8958,5387,A4,1,[],[]
sample_000120955,4702,8704,A4,1,[],[]
sample_000121140,-2175,3402,A4,1,[],[]
sample_000121168,-8057,-9432,A4,1,[],[]
sample_000121255,-544,6296,A4,1,[],[]
sample_000121373,-8825,2643,A4,1,[],[]
sample_000121832,-2591,5043,A4,1,[],[]
sample_000121885,-7946,-5940,A4,1,[],[]
sample_000121913,5692,1640,A4,1,[],[]
sample_000121922,3314,-920,A4,1,[],[]
sample_000121997,2983,-2974,A4,1,[],[]
sample_000122082,-6169,-2113,A4,1,[],[]
sample_000122216,9589,2744,A4,1,[],[]
sample_000122268,6988,-6547,A4,1,[],[]
sample_000122399,3485,-3684,A4,1,[],[]
sample_000122514,4217,4201,A4,1,[],[]
sample_000122568,2108,9523,A4,1,[],[]
sample_000122594,-1587,-1674,A4,1,[],[]
sample_000122821,3243,-8304,A4,1,[],[]
sample_000122933,-710,-6202,A4,1,[],[]
sample_000123048,6449,849,A4,1,[],[]
sample_000123119,3262,-6347,A4,1,[],[]
sample_000123123,-8379,5680,A4,1,[],[]
sample_000123358,-8245,-7911,A4,1,[],[]
sample_000123509,-7650,-5173,A4,1,[],[]
sample_000123549,8258,81,A4,1,[],[]
sample_000123629,-5110,-8290,A4,1,[],[]
sample_000123750,-4314,8344,A4,1,[],[]
sample_000123895,1638,-2611,A4,1,[],[]
sample_000123961,1562,-9867,A4,1,[],[]
sample_000123983,-2756,-7778,A4,1,[],[]
sample_000124185,-3841,2688,A4,1,[],[]
sample_000124289,-9249,-567,A4,1,[],[]
sample_000124372,6663,-9029,A4,1,[],[]
sample_000124747,-7594,-3856,A4,1,[],[]
sample_000124785,3355,-3946,A4,1,[],[]
sample_000124882,2646,-8191,A4,1,[],[]
sample_000125123,4190,-583,A4,1,[],[]
sample_000125544,9076,5052,A4,1,[],[]
sample_000125563,7096,-5791,A4,1,[],[]
sample_000125579,7213,4372,A4,1,[],[]
sample_000125597,4271,-7682,A4,1,[],[]
sample_000125762,533,5684,A4,1,[],[]
sample_000125857,-8220,-8646,A4,1,[],[]
sample_000125898,-5703,-9166,A4,1,[],[]
sample_000125985,5153,1701,A4,1,[],[]
sample_000126013,4180,1954,A4,1,[],[]
sample_000126064,4260,542,A4,1,[],[]
sample_000126091,1648,4194,A4,1,[],[]
sample_000126130,1466,4252,A4,1,[],[]
sample_000126147,-4913,870,A4,1,[],[]
sample_000126297,-2139,4162,A4,1,[],[]
sample_000126299,9676,-9175,A4,1,[],[]
sample_000126442,7353,-9514,A4,1,[],[]
sample_000126563,6849,-8513,A4,1,[],[]
sample_000126779,-5013,527,A4,1,[],[]
sample_000126796,8361,-7894,A4,1,[],[]
sample_000126877,1016,9238,A4,1,[],[]
sample_000126957,-3442,-1181,A4,1,[],[]
sample_000127146,-5050,-2309,A4,1,[],[]
sample_000127300,4910,1126,A4,1,[],[]
sample_000127414,-7273,-8424,A4,1,[],[]
sample_000127633,-1402,-7538,A4,1,[],[]
sample_000127643,-7472,240,A4,1,[],[]
sample_000127699,9287,-2930,A4,1,[],[]
sample_000127857,6483,-3877,A4,1,[],[]
sample_000127870,7898,-1109,A4,1,[],[]
sample_000127910,-5846,4619,A4,1,[],[]
sample_000127917,-8610,4637,A4,1,[],[]
sample_000128011,-9711,-6158,A4,1,[],[]
sample_000128029,-4810,-2070,A4,1,[],[]
sample_000128130,2340,-1207,A4,1,[],[]
sample_000128171,-7790,-8455,A4,1,[],[]
sample_000128209,8670,7499,A4,1,[],[]
sample_000128768,-708,3966,A4,1,[],[]
sample_000128784,-1658,-2824,A4,1,[],[]
sample_000128812,3879,-4581,A4,1,[],[]
sample_000128883,3185,221,A4,1,[],[]
sample_000128918,1665,4600,A4,1,[],[]
sample_000128938,-8195,-9369,A4,1,[],[]
sample_000128948,3986,8678,A4,1,[],[]
sample_000129028,-235,-7625,A4,1,[],[]
sample_000129175,-7641,8356,A4,1,[],[]
sample_000129288,-7328,743,A4,1,[],[]
sample_000129348,3603,4241,A4,1,[],[]
sample_000129429,-9713,458,A4,1,[],[]
sample_000129483,-5989,3308,A4,1,[],[]
sample_000129556,7939,2413,A4,1,[],[]
sample_000129562,6355,-2646,A4,1,[],[]
sample_000129665,9550,3854,A4,1,[],[]
sample_000130411,6895,954,A4,1,[],[]
sample_000130546,409,-4337,A4,1,[],[]
sample_000130574,-6041,-2379,A4,1,[],[]
sample_000130695,3318,-4705,A4,1,[],[]
sample_000130758,-386,3179,A4,1,[],[]
sample_000130813,-990,-8112,A4,1,[],[]
sample_000130854,1961,1827,A4,1,[],[]
sample_000130860,8105,-3285,A4,1,[],[]
sample_000131083,5343,-2221,A4,1,[],[]
sample_000131097,130,660,A4,1,[],[]
sample_000131450,8145,-9488,A4,1,[],[]
sample_000131589,1320,2956,A4,1,[],[]
sample_000131804,9338,-937,A4,1,[],[]
sample_000131918,8486,-7880,A4,1,[],[]
sample_000132194,-864,-167,A4,1,[],[]
sample_000132363,-2165,-4517,A4,1,[],[]
sample_000132477,-7453,4596,A4,1,[],[]
sample_000132548,-7282,5137,A4,1,[],[]
sample_000132573,6459,-3697,A4,1,[],[]
sample_000132654,3933,1363,A4,1,[],[]
sample_000132707,4960,-77,A4,1,[],[]
sample_000132750,-5341,1798,A4,1,[],[]
sample_000132861,-3179,-8496,A4,1,[],[]
sample_000132952,-497,-229,A4,1,[],[]
sample_000133175,1496,-2946,A4,1,[],[]
sample_000133205,4640,-9135,A4,1,[],[]
sample_000133218,3789,-2999,A4,1,[],[]
sample_000133249,-4476,-2178,A4,1,[],[]
sample_000133302,-3904,1034,A4,1,[],[]
sample_000133429,4237,8439,A4,1,[],[]
sample_000133576,-8285,-5735,A4,1,[],[]
sample_000133616,-7868,230,A4,1,[],[]
sample_000133662,-808,-2027,A4,1,[],[]
sample_000133672,8801,498,A4,1,[],[]
sample_000133674,442,-8632,A4,1,[],[]
sample_000133828,1338,-7015,A4,1,[],[]
sample_000134050,236,-5112,A4,1,[],[]
sample_000134080,-9377,-853,A4,1,[],[]
sample_000134163,-5047,8609,A4,1,[],[]
sample_000134845,-8998,1812,A4,1,[],[]
sample_000134993,6211,1252,A4,1,[],[]
sample_000135309,4951,5858,A4,1,[],[]
sample_000135425,1660,1723,A4,1,[],[]
sample_000135566,-4495,-5552,A4,1,[],[]
sample_000135634,-3027,-8262,A4,1,[],[]
sample_000135712,2876,7044,A4,1,[],[]
sample_000135719,8624,1814,A4,1,[],[]
sample_000135728,-1575,5016,A4,1,[],[]
sample_000135857,2364,-5185,A4,1,[],[]
sample_000135859,8393,-2485,A4,1,[],[]
sample_000135958,7574,-9716,A4,1,[],[]
sample_000135990,457,-2528,A4,1,[],[]
sample_000136197,-8725,-301,A4,1,[],[]
sample_000136244,4651,-9284,A4,1,[],[]
sample_000136336,7621,1395,A4,1,[],[]
sample_000136438,-7570,639,A4,1,[],[]
sample_000136671,7533,-9288,A4,1,[],[]
sample_000136892,2099,1103,A4,1,[],[]
sample_000137041,5748,5489,A4,1,[],[]
sample_000137082,-2411,-7008,A4,1,[],[]
sample_000137107,5003,9671,A4,1,[],[]
sample_000137213,3392,7902,A4,1,[],[]
sample_000137361,-1484,-6052,A4,1,[],[]
sample_000137390,-7722,6969,A4,1,[],[]
sample_000137428,9992,6267,A4,1,[],[]
sample_000137443,-2800,-9765,A4,1,[],[]
sample_000137679,4346,2047,A4,1,[],[]
sample_000137753,-3171,5411,A4,1,[],[]
sample_000137823,9852,9318,A4,1,[],[]
sample_000137903,-6204,-291,A4,1,[],[]
sample_000137918,-9614,-2120,A4,1,[],[]
sample_000138040,-7977,-9829,A4,1,[],[]
sample_000138097,7420,9553,A4,1,[],[]
sample_000138135,1526,-147,A4,1,[],[]
sample_000138256,3103,-5502,A4,1,[],[]
sample_000138296,2866,8422,A4,1,[],[]
sample_000138343,6115,-5609,A4,1,[],[]
sample_000138475,-9708,-4447,A4,1,[],[]
sample_000138635,-8293,-8071,A4,1,[],[]
sample_000138871,-3712,1479,A4,1,[],[]
sample_000139071,-3038,-2749,A4,1,[],[]
sample_000139291,-670,-6774,A4,1,[],[]
sample_000139321,-2395,-7640,A4,1,[],[]
sample_000139370,-3329,8555,A4,1,[],[]
sample_000139443,2039,3652,A4,1,[],[]
sample_000139531,991,-3797,A4,1,[],[]
sample_000139793,5690,2935,A4,1,[],[]
sample_000139867,6236,7790,A4,1,[],[]
sample_000140129,-78,-1932,A4,1,[],[]
sample_000140226,7490,8873,A4,1,[],[]
sample_000140239,5612,-1982,A4,1,[],[]
sample_000140351,2367,1607,A4,1,[],[]
sample_000140382,-9948,6750,A4,1,[],[]
sample_000140387,-3197,5310,A4,1,[],[]
sample_000140468,547,-9214,A4,1,[],[]
sample_000140481,-360,-3669,A4,1,[],[]
sample_000140487,3828,-9180,A4,1,[],[]
sample_000140510,4485,310,A4,1,[],[]
sample_000140618,8449,-3406,A4,1,[],[]
sample_000140833,-2753,3794,A4,1,[],[]
sample_000140966,216,4469,A4,1,[],[]
sample_000141110,-7451,-7745,A4,1,[],[]
sample_000141194,4234,-6517,A4,1,[],[]
sample_000141276,3691,-1402,A4,1,[],[]
sample_000141336,6128,-7823,A4,1,[],[]
sample_000141500,3371,-576,A4,1,[],[]
sample_000141845,4287,-5423,A4,1,[],[]
sample_000141887,-8868,3039,A4,1,[],[]
sample_000141940,4660,87,A4,1,[],[]
sample_000141960,6136,7816,A4,1,[],[]
sample_000141973,1748,-8574,A4,1,[],[]
sample_000142004,6572,3003,A4,1,[],[]
sample_000142011,7889,-9777,A4,1,[],[]
sample_000142064,1579,353,A4,1,[],[]
sample_000142243,-4962,4890,A4,1,[],[]
sample_000142369,-4019,5194,A4,1,[],[]
sample_000142489,5281,7733,A4,1,[],[]
sample_000142669,-8855,-8160,A4,1,[],[]
sample_000142908,-7037,-6715,A4,1,[],[]
sample_000142914,-5350,-761,A4,1,[],[]
sample_000143040,-4441,-9937,A4,1,[],[]
sample_000143103,253,-6039,A4,1,[],[]
sample_000143121,-6921,-7438,A4,1,[],[]
sample_000143163,3036,9337,A4,1,[],[]
sample_000143212,-7536,-6795,A4,1,[],[]
sample_000143225,8657,-5081,A4,1,[],[]
sample_000143274,-1409,4135,A4,1,[],[]
sample_000143332,-5064,-5059,A4,1,[],[]
sample_000143342,6535,-7116,A4,1,[],[]
sample_000143549,-6467,-8463,A4,1,[],[]
sample_000143580,-9495,9147,A4,1,[],[]
sample_000143605,-7405,-4884,A4,1,[],[]
sample_000143692,-7708,2253,A4,1,[],[]
sample_000143697,9241,6690,A4,1,[],[]
sample_000143766,892,735,A4,1,[],[]
sample_000143776,-1371,-1991,A4,1,[],[]
sample_000143812,6381,-7585,A4,1,[],[]
sample_000143973,-1232,7395,A4,1,[],[]
sample_000144031,1486,-7145,A4,1,[],[]
sample_000144087,-5704,-1627,A4,1,[],[]
sample_000144116,-1961,7694,A4,1,[],[]
sample_000144299,7915,9160,A4,1,[],[]
sample_000144377,9457,-5720,A4,1,[],[]
sample_000144398,-3284,-2848,A4,1,[],[]
sample_000144428,-535,7057,A4,1,[],[]
sample_000144470,9940,7036,A4,1,[],[]
sample_000144768,5036,8748,A4,1,[],[]
sample_000144846,-7463,-3768,A4,1,[],[]
sample_000144860,3377,4556,A4,1,[],[]
sample_000144943,5360,372,A4,1,[],[]
sample_000145050,-8228,-490,A4,1,[],[]
sample_000145091,7716,5212,A4,1,[],[]
sample_000145380,-2543,4367,A4,1,[],[]
sample_000145440,8475,4753,A4,1,[],[]
sample_000145475,-199,-8838,A4,1,[],[]
sample_000145669,-7854,-5225,A4,1,[],[]
sample_000145720,4879,3903,A4,1,[],[]
sample_000145733,5223,6704,A4,1,[],[]
sample_000145922,899,5427,A4,1,[],[]
sample_000146030,-1453,-8227,A4,1,[],[]
sample_000146047,-1087,790,A4,1,[],[]
sample_000146068,7476,9000,A4,1,[],[]
sample_000146272,2069,7165,A4,1,[],[]
sample_000146477,-5045,1334,A4,1,[],[]
sample_000146651,-6578,4119,A4,1,[],[]
sample_000146934,-1968,7783,A4,1,[],[]
sample_000147044,4925,7480,A4,1,[],[]
sample_000147312,4835,5906,A4,1,[],[]
sample_000147395,-2474,-4933,A4,1,[],[]
sample_000147508,-9894,7953,A4,1,[],[]
sample_000147600,-6003,1227,A4,1,[],[]
sample_000147751,1037,-4812,A4,1,[],[]
sample_000147807,4981,3395,A4,1,[],[]
sample_000147910,5416,-9522,A4,1,[],[]
sample_000148033,-6691,1640,A4,1,[],[]
sample_000148117,8651,-859,A4,1,[],[]
sample_000148161,-9246,6738,A4,1,[],[]
sample_000148165,4424,-499,A4,1,[],[]
sample_000148189,20,-9462,A4,1,[],[]
sample_000148549,8773,-2860,A4,1,[],[]
sample_000148745,5419,-2255,A4,1,[],[]
sample_000148801,6982,-7820,A4,1,[],[]
sample_000148814,-9930,-6265,A4,1,[],[]
sample_000148877,-6810,1195,A4,1,[],[]
sample_000149027,-5829,3478,A4,1,[],[]
sample_000149054,-5129,2580,A4,1,[],[]
sample_000149154,-653,5670,A4,1,[],[]
sample_000149187,-9265,9997,A4,1,[],[]
sample_000149261,4424,267,A4,1,[],[]
sample_000149347,-3537,6726,A4,1,[],[]
sample_000149360,-9595,5169,A4,1,[],[]
sample_000149517,2985,-4682,A4,1,[],[]
sample_000149627,1280,9795,A4,1,[],[]
sample_000149676,9608,3775,A4,1,[],[]
sample_000149728,-9740,1015,A4,1,[],[]
sample_000149876,-5062,1610,A4,1,[],[]
sample_000149934,-1708,9831,A4,1,[],[]
sample_000149939,62,6926,A4,1,[],[]
sample_000149954,-5327,-5602,A4,1,[],[]
sample_000149984,-5750,-8240,A4,1,[],[]
sample_000150043,7477,2475,A4,1,[],[]
sample_000150156,-8417,-5744,A4,1,[],[]
sample_000150210,-4220,-8105,A4,1,[],[]
sample_000150290,2015,1546,A4,1,[],[]
sample_000150363,-9780,3415,A4,1,[],[]
sample_000150415,-3048,-1496,A4,1,[],[]
sample_000150456,-6914,-7742,A4,1,[],[]
sample_000150501,-8163,-2971,A4,1,[],[]
sample_000150845,-9984,-857,A4,1,[],[]
sample_000151112,7678,3079,A4,1,[],[]
sample_000151317,-7420,1606,A4,1,[],[]
sample_000151400,-5723,-9754,A4,1,[],[]
sample_000151426,6298,6687,A4,1,[],[]
sample_000151490,15,8047,A4,1,[],[]
sample_000151494,886,-3361,A4,1,[],[]
sample_000151679,-5344,-2036,A4,1,[],[]
sample_000151686,-9559,5148,A4,1,[],[]
sample_000151751,-3013,8711,A4,1,[],[]
sample_000151846,1712,1926,A4,1,[],[]
sample_000151853,-7525,-1129,A4,1,[],[]
sample_000151861,2911,-6570,A4,1,[],[]
sample_000151983,-6511,125,A4,1,[],[]
sample_000152112,5124,537,A4,1,[],[]
sample_000152175,-8739,-8216,A4,1,[],[]
sample_000152212,6883,8756,A4,1,[],[]
sample_000152274,9510,5672,A4,1,[],[]
sample_000152309,-7797,9386,A4,1,[],[]
sample_000152783,7217,5478,A4,1,[],[]
sample_000152794,-1241,8441,A4,1,[],[]
sample_000152935,6853,1204,A4,1,[],[]
sample_000152996,-1775,-6236,A4,1,[],[]
sample_000153162,9680,6925,A4,1,[],[]
sample_000153195,-1374,-1985,A4,1,[],[]
sample_000153280,-685,797,A4,1,[],[]
sample_000153612,-9767,9122,A4,1,[],[]
sample_000153707,-8842,-8633,A4,1,[],[]
sample_000153850,-9547,2761,A4,1,[],[]
sample_000154148,-6207,-839,A4,1,[],[]
sample_000154232,1002,2136,A4,1,[],[]
sample_000154255,4347,-8826,A4,1,[],[]
sample_000154436,268,4407,A4,1,[],[]
sample_000154513,-4184,-4904,A4,1,[],[]
sample_000154557,-8306,9909,A4,1,[],[]
sample_000154983,9349,2051,A4,1,[],[]
sample_000155191,-2939,-9553,A4,1,[],[]
sample_000155202,-6854,-6171,A4,1,[],[]
sample_000155208,-7646,-7846,A4,1,[],[]
sample_000155423,-3405,5748,A4,1,[],[]
sample_000155520,2465,6681,A4,1,[],[]
sample_000155762,8946,1849,A4,1,[],[]
sample_000155804,3359,7072,A4,1,[],[]
sample_000155818,350,2310,A4,1,[],[]
sample_000155827,-6495,434,A4,1,[],[]
sample_000155830,2923,6114,A4,1,[],[]
sample_000156227,7912,-9156,A4,1,[],[]
sample_000156310,5941,1246,A4,1,[],[]
sample_000156323,-2920,4211,A4,1,[],[]
sample_000156325,9847,693,A4,1,[],[]
sample_000156348,6998,-1536,A4,1,[],[]
sample_000156370,7320,-1310,A4,1,[],[]
sample_000156496,3780,7819,A4,1,[],[]
sample_000156511,-750,-9934,A4,1,[],[]
sample_000156798,-413,5755,A4,1,[],[]
sample_000156818,4722,-1723,A4,1,[],[]
sample_000157116,-4257,-6751,A4,1,[],[]
sample_000157242,4819,-7074,A4,1,[],[]
sample_000157301,8652,-1893,A4,1,[],[]
sample_000157352,7846,4410,A4,1,[],[]
sample_000157433,-5920,-9578,A4,1,[],[]
sample_000157579,2247,781,A4,1,[],[]
sample_000157580,-1670,111,A4,1,[],[]
sample_000157669,-1618,3413,A4,1,[],[]
sample_000158025,-9254,9112,A4,1,[],[]
sample_000158437,-9683,8803,A4,1,[],[]
sample_000158451,-6783,-69,A4,1,[],[]
sample_000158473,1857,-8378,A4,1,[],[]
sample_000158534,-7195,-9409,A4,1,[],[]
sample_000158544,-5551,2467,A4,1,[],[]
sample_000158748,-7081,-5188,A4,1,[],[]
sample_000158769,3606,1565,A4,1,[],[]
sample_000158879,-4879,8451,A4,1,[],[]
sample_000159057,-6472,5315,A4,1,[],[]
sample_000159116,1461,-4234,A4,1,[],[]
sample_000159209,-2836,7956,A4,1,[],[]
sample_000159372,-4405,-2749,A4,1,[],[]
sample_000159379,560,-4087,A4,1,[],[]
sample_000159439,-8973,7272,A4,1,[],[]
sample_000159574,2966,3401,A4,1,[],[]
sample_000159580,-8692,6037,A4,1,[],[]
sample_000159603,7369,7204,A4,1,[],[]
sample_000159610,-2046,5651,A4,1,[],[]
sample_000159729,1651,-5570,A4,1,[],[]
sample_000159793,7069,5354,A4,1,[],[]
sample_000159847,-6439,-4805,A4,1,[],[]
sample_000159860,-6299,-3248,A4,1,[],[]
sample_000160084,-5970,-1761,A4,1,[],[]
sample_000160343,-6623,-4011,A4,1,[],[]
sample_000160363,-8430,-2428,A4,1,[],[]
sample_000160382,-1630,6849,A4,1,[],[]
sample_000160528,4397,-8994,A4,1,[],[]
sample_000160531,1134,-2077,A4,1,[],[]
sample_000160567,339,-1775,A4,1,[],[]
sample_000160691,-6835,6659,A4,1,[],[]
sample_000160924,9868,-191,A4,1,[],[]
sample_000160969,-6483,8660,A4,1,[],[]
sample_000160982,-164,5419,A4,1,[],[]
sample_000161015,2629,-4055,A4,1,[],[]
sample_000161021,-9004,-5900,A4,1,[],[]
sample_000161035,-7055,-4556,A4,1,[],[]
sample_000161296,-6405,5166,A4,1,[],[]
sample_000161406,3310,-1776,A4,1,[],[]
sample_000161529,5759,-4113,A4,1,[],[]
sample_000161540,-9258,-3834,A4,1,[],[]
sample_000161544,1824,-2199,A4,1,[],[]
sample_000161673,4771,-3475,A4,1,[],[]
sample_000161735,-1904,4424,A4,1,[],[]
sample_000161878,1109,3030,A4,1,[],[]
sample_000162429,-6862,1293,A4,1,[],[]
sample_000162430,2390,-8514,A4,1,[],[]
sample_000162504,5614,-1182,A4,1,[],[]
sample_000162849,5193,5944,A4,1,[],[]
sample_000162854,-9763,-4424,A4,1,[],[]
sample_000162891,-4005,4584,A4,1,[],[]
sample_000162949,8913,-4728,A4,1,[],[]
sample_000163090,949,1972,A4,1,[],[]
sample_000163229,-9234,2024,A4,1,[],[]
sample_000163390,1333,4932,A4,1,[],[]
sample_000163615,-6369,-6723,A4,1,[],[]
sample_000163626,6694,88,A4,1,[],[]
sample_000163629,-6113,-6339,A4,1,[],[]
sample_000163682,-4493,7685,A4,1,[],[]
sample_000163736,-5425,809,A4,1,[],[]
sample_000163762,-8801,-6243,A4,1,[],[]
sample_000163863,-9328,-6220,A4,1,[],[]
sample_000164109,-2315,8898,A4,1,[],[]
sample_000164313,4490,3956,A4,1,[],[]
sample_000164367,4917,-1185,A4,1,[],[]
sample_000164414,346,-5724,A4,1,[],[]
sample_000164418,498,1729,A4,1,[],[]
sample_000164431,-5429,-8865,A4,1,[],[]
sample_000164515,922,9451,A4,1,[],[]
sample_000164637,-4096,6618,A4,1,[],[]
sample_000164844,7379,2151,A4,1,[],[]
sample_000164918,-8227,2142,A4,1,[],[]
sample_000164962,-3926,-857,A4,1,[],[]
sample_000164977,5225,-4906,A4,1,[],[]
sample_000165087,-4145,5643,A4,1,[],[]
sample_000165146,-490,6400,A4,1,[],[]
sample_000165150,-4817,6231,A4,1,[],[]
sample_000165174,279,3364,A4,1,[],[]
sample_000165240,7334,5362,A4,1,[],[]
sample_000165247,-7926,7727,A4,1,[],[]
sample_000165250,6917,7963,A4,1,[],[]
sample_000165262,4076,580,A4,1,[],[]
sample_000165340,9238,3569,A4,1,[],[]
sample_000165359,2800,-6089,A4,1,[],[]
sample_000165379,-7508,-481,A4,1,[],[]
sample_000165384,9310,-4670,A4,1,[],[]
sample_000165664,1208,-2545,A4,1,[],[]
sample_000165729,4553,3030,A4,1,[],[]
sample_000165888,198,-9304,A4,1,[],[]
sample_000165985,-9979,-6797,A4,1,[],[]
sample_000166113,7102,6038,A4,1,[],[]
sample_000166264,332,4777,A4,1,[],[]
sample_000166370,572,-4295,A4,1,[],[]
sample_000166452,-1696,2216,A4,1,[],[]
sample_000166464,7623,4903,A4,1,[],[]
sample_000166476,-8297,-8729,A4,1,[],[]
sample_000166595,-9047,5869,A4,1,[],[]
sample_000166648,2713,-5818,A4,1,[],[]
sample_000166793,-19,236,A4,1,[],[]
sample_000166837,-6822,5661,A4,1,[],[]
sample_000166867,-8837,2478,A4,1,[],[]
sample_000167101,9121,-3456,A4,1,[],[]
sample_000167109,-4325,-6088,A4,1,[],[]
sample_000167114,-155,4067,A4,1,[],[]
sample_000167187,-747,-6225,A4,1,[],[]
sample_000167260,3962,9980,A4,1,[],[]
sample_000167342,-7239,7582,A4,1,[],[]
sample_000167381,2913,-2750,A4,1,[],[]
sample_000167394,-4292,2333,A4,1,[],[]
sample_000167415,-8912,-3054,A4,1,[],[]
sample_000167717,1667,-7947,A4,1,[],[]
sample_000167720,-1118,9197,A4,1,[],[]
sample_000167887,120,-3266,A4,1,[],[]
sample_000167970,-8785,3867,A4,1,[],[]
sample_000168271,-5130,-802,A4,1,[],[]
sample_000168534,5735,-9789,A4,1,[],[]
sample_000168780,2315,-6402,A4,1,[],[]
sample_000169017,-4667,-2781,A4,1,[],[]
sample_000169055,-7183,159,A4,1,[],[]
sample_000169189,-6112,7694,A4,1,[],[]
sample_000169209,854,366,A4,1,[],[]
sample_000169284,-6247,8189,A4,1,[],[]
sample_000169472,3856,-8608,A4,1,[],[]
sample_000169668,-6772,5992,A4,1,[],[]
sample_000169683,-5799,-3012,A4,1,[],[]
sample_000169846,3948,349,A4,1,[],[]
sample_000169860,-68,7412,A4,1,[],[]
sample_000169956,-7472,-1163,A4,1,[],[]
sample_000170556,6474,3537,A4,1,[],[]
sample_000170576,-8740,-385,A4,1,[],[]
sample_000170628,-5255,-2824,A4,1,[],[]
sample_000171144,1723,5708,A4,1,[],[]
sample_000171175,3766,-8911,A4,1,[],[]
sample_000171211,602,-3618,A4,1,[],[]
sample_000171214,-3637,9363,A4,1,[],[]
sample_000171303,6423,-3358,A4,1,[],[]
sample_000171569,5939,5809,A4,1,[],[]
sample_000171884,8137,7214,A4,1,[],[]
sample_000172222,-3578,-6976,A4,1,[],[]
sample_000172323,-5381,3213,A4,1,[],[]
sample_000172352,7262,5874,A4,1,[],[]
sample_000172397,-827,-4100,A4,1,[],[]
sample_000172613,-8439,8885,A4,1,[],[]
sample_000172628,-2017,6610,A4,1,[],[]
sample_000172809,-2905,3359,A4,1,[],[]
sample_000172885,-579,5022,A4,1,[],[]
sample_000172944,-3935,-432,A4,1,[],[]
sample_000173016,-6948,-2386,A4,1,[],[]
sample_000173137,-1527,7567,A4,1,[],[]
sample_000173172,-9262,3124,A4,1,[],[]
sample_000173173,-6130,-1837,A4,1,[],[]
sample_000173188,-2019,3030,A4,1,[],[]
sample_000173235,-2530,3268,A4,1,[],[]
sample_000173237,1437,-1288,A4,1,[],[]
sample_000173368,7182,-238,A4,1,[],[]
sample_000173395,3496,-809,A4,1,[],[]
sample_000173756,-3319,8078,A4,1,[],[]
sample_000174088,3089,-5062,A4,1,[],[]
sample_000174278,4457,-2627,A4,1,[],[]
sample_000174530,2622,472,A4,1,[],[]
sample_000174565,3249,512,A4,1,[],[]
sample_000174595,-4832,7606,A4,1,[],[]
sample_000174598,1113,6114,A4,1,[],[]
sample_000174694,-9419,-6705,A4,1,[],[]
sample_000174827,2256,-2489,A4,1,[],[]
sample_000174957,5824,9817,A4,1,[],[]
sample_000175041,-4617,928,A4,1,[],[]
sample_000175255,7397,9700,A4,1,[],[]
sample_000175264,8640,-2433,A4,1,[],[]
sample_000175511,7952,999,A4,1,[],[]
sample_000175528,-6014,-4079,A4,1,[],[]
sample_000175589,-347,9947,A4,1,[],[]
sample_000175702,-2595,-9174,A4,1,[],[]
sample_000175848,3733,-2479,A4,1,[],[]
sample_000176008,-4502,1163,A4,1,[],[]
sample_000176039,-1897,-536,A4,1,[],[]
sample_000176088,2,-2289,A4,1,[],[]
sample_000176177,5572,3282,A4,1,[],[]
sample_000176178,5375,-7939,A4,1,[],[]
sample_000176218,-8604,-4166,A4,1,[],[]
sample_000176549,-1581,-2529,A4,1,[],[]
sample_000176552,8538,-5831,A4,1,[],[]
sample_000176819,4643,5981,A4,1,[],[]
sample_000176929,-7361,4037,A4,1,[],[]
sample_000177139,3454,-3437,A4,1,[],[]
sample_000177206,283,8021,A4,1,[],[]
sample_000177460,8969,-3105,A4,1,[],[]
sample_000177697,-6239,-6595,A4,1,[],[]
sample_000177713,3751,8713,A4,1,[],[]
sample_000177950,6304,-6403,A4,1,[],[]
sample_000177980,9274,6845,A4,1,[],[]
sample_000177984,-1247,9668,A4,1,[],[]
sample_000178168,-2048,9824,A4,1,[],[]
sample_000178203,4405,-959,A4,1,[],[]
sample_000178223,2413,3392,A4,1,[],[]
sample_000178342,-9639,-8384,A4,1,[],[]
sample_000178380,5047,-3018,A4,1,[],[]
sample_000178479,4472,-7958,A4,1,[],[]
sample_000178487,-3830,9670,A4,1,[],[]
sample_000178502,5162,1503,A4,1,[],[]
sample_000178504,4149,-8591,A4,1,[],[]
sample_000178654,7323,-4747,A4,1,[],[]
sample_000178656,3990,-3359,A4,1,[],[]
sample_000178710,-9998,1817,A4,1,[],[]
sample_000178884,-3262,-2607,A4,1,[],[]
sample_000178895,833,-8840,A4,1,[],[]
sample_000178956,-8141,-3699,A4,1,[],[]
sample_000179091,-6363,-6529,A4,1,[],[]
sample_000179116,-4136,4377,A4,1,[],[]
sample_000179344,5066,2978,A4,1,[],[]
sample_000179351,2471,-4652,A4,1,[],[]
sample_000179782,-6750,4285,A4,1,[],[]
sample_000179797,-7088,7532,A4,1,[],[]
sample_000179870,7163,-709,A4,1,[],[]
sample_000179973,-2514,-8995,A4,1,[],[]
sample_000179979,-561,9589,A4,1,[],[]
sample_000180037,-4544,-5504,A4,1,[],[]
sample_000180039,-1320,-5917,A4,1,[],[]
sample_000180436,9723,-9791,A4,1,[],[]
sample_000180522,-8472,1929,A4,1,[],[]
sample_000180722,-9371,-5484,A4,1,[],[]
sample_000180977,4866,-2284,A4,1,[],[]
sample_000181171,3419,-9288,A4,1,[],[]
sample_000181199,-8037,8184,A4,1,[],[]
sample_000181275,1978,-6395,A4,1,[],[]
sample_000181305,3250,4764,A4,1,[],[]
sample_000181316,-5542,2874,A4,1,[],[]
sample_000181335,716,-541,A4,1,[],[]
sample_000181444,-9209,4547,A4,1,[],[]
sample_000181490,-5314,-646,A4,1,[],[]
sample_000181565,-3466,-3202,A4,1,[],[]
sample_000181612,8144,-9506,A4,1,[],[]
sample_000181821,1122,9728,A4,1,[],[]
sample_000181824,-6813,5504,A4,1,[],[]
sample_000181872,6142,11,A4,1,[],[]
sample_000182186,-4169,6474,A4,1,[],[]
sample_000182294,-6362,407,A4,1,[],[]
sample_000182365,-9824,-5502,A4,1,[],[]
sample_000182368,8712,-9524,A4,1,[],[]
sample_000182393,4896,6550,A4,1,[],[]
sample_000182453,-3931,9807,A4,1,[],[]
sample_000182469,-5444,-1823,A4,1,[],[]
sample_000182506,592,7560,A4,1,[],[]
sample_000182707,6339,-9777,A4,1,[],[]
sample_000182931,-3450,8961,A4,1,[],[]
sample_000183092,1113,6156,A4,1,[],[]
sample_000183320,330,-3757,A4,1,[],[]
sample_000183321,-6989,218,A4,1,[],[]
sample_000183587,-213,-1675,A4,1,[],[]
sample_000183684,-5446,2778,A4,1,[],[]
sample_000183690,-5992,-9507,A4,1,[],[]
sample_000183769,8581,-8129,A4,1,[],[]
sample_000183831,-1637,-9273,A4,1,[],[]
sample_000183892,1032,9640,A4,1,[],[]
sample_000183990,6827,-3915,A4,1,[],[]
sample_000184078,8141,7501,A4,1,[],[]
sample_000184121,2386,-3113,A4,1,[],[]
sample_000184240,-5010,-6914,A4,1,[],[]
sample_000184293,7500,-663,A4,1,[],[]
sample_000184348,-9416,-1609,A4,1,[],[]
sample_000184385,-5578,-2186,A4,1,[],[]
sample_000184387,-4631,-4474,A4,1,[],[]
sample_000184435,2125,1233,A4,1,[],[]
sample_000184533,-5029,9920,A4,1,[],[]
sample_000184554,62,-5966,A4,1,[],[]
sample_000184646,-898,9384,A4,1,[],[]
sample_000184762,8914,-9412,A4,1,[],[]
sample_000184763,-7744,-9221,A4,1,[],[]
sample_000184793,1994,53,A4,1,[],[]
sample_000184956,-1460,-987,A4,1,[],[]
sample_000185036,6728,4386,A4,1,[],[]
sample_000185486,-6592,-6235,A4,1,[],[]
sample_000185562,2119,9799,A4,1,[],[]
sample_000185785,-8710,-728,A4,1,[],[]
sample_000185838,-4492,502,A4,1,[],[]
sample_000185953,9050,5362,A4,1,[],[]
sample_000186035,872,1015,A4,1,[],[]
sample_000186118,6330,-3429,A4,1,[],[]
sample_000186137,-3305,-6508,A4,1,[],[]
sample_000186183,1902,3158,A4,1,[],[]
sample_000186346,4730,9470,A4,1,[],[]
sample_000186382,6023,7669,A4,1,[],[]
sample_000186413,-2011,-5815,A4,1,[],[]
sample_000186418,3064,322,A4,1,[],[]
sample_000186427,-4880,-6243,A4,1,[],[]
sample_000186566,-5992,4894,A4,1,[],[]
sample_000186607,-6600,5220,A4,1,[],[]
sample_000186857,-343,-9542,A4,1,[],[]
sample_000186899,9376,-843,A4,1,[],[]
sample_000187019,4225,-3048,A4,1,[],[]
sample_000187022,7671,-3813,A4,1,[],[]
sample_000187094,-2541,8151,A4,1,[],[]
sample_000187110,-7710,-6052,A4,1,[],[]
sample_000187142,-6265,375,A4,1,[],[]
sample_000187179,-49,4570,A4,1,[],[]
sample_000187386,-2110,3674,A4,1,[],[]
sample_000187419,2787,8999,A4,1,[],[]
sample_000187532,-3086,6080,A4,1,[],[]
sample_000187631,-7888,-8338,A4,1,[],[]
sample_000187715,5700,-6460,A4,1,[],[]
sample_000187739,7185,9830,A4,1,[],[]
sample_000187761,9926,-8599,A4,1,[],[]
sample_000187982,-230,-4665,A4,1,[],[]
sample_000188119,2631,6776,A4,1,[],[]
sample_000188230,4801,-732,A4,1,[],[]
sample_000188335,6974,5890,A4,1,[],[]
sample_000188356,3211,6869,A4,1,[],[]
sample_000188516,-4537,-6124,A4,1,[],[]
sample_000188583,2471,-9252,A4,1,[],[]
sample_000188732,6985,5913,A4,1,[],[]
sample_000189017,7490,-2877,A4,1,[],[]
sample_000189032,-8439,-8818,A4,1,[],[]
sample_000189066,4739,-1802,A4,1,[],[]
sample_000189120,-9225,3410,A4,1,[],[]
sample_000189560,-6432,1218,A4,1,[],[]
sample_000189656,-8234,8255,A4,1,[],[]
sample_000189835,-8927,-7936,A4,1,[],[]
sample_000189905,-305,-4057,A4,1,[],[]
sample_000190156,7389,9868,A4,1,[],[]
sample_000190294,-9056,7684,A4,1,[],[]
sample_000190613,-8675,-9199,A4,1,[],[]
sample_000190667,6397,-5934,A4,1,[],[]
sample_000190751,995,4591,A4,1,[],[]
sample_000190759,-6155,-6835,A4,1,[],[]
sample_000190771,5203,1587,A4,1,[],[]
sample_000190810,-98,-4317,A4,1,[],[]
sample_000190877,4706,2595,A4,1,[],[]
sample_000190931,-6702,4001,A4,1,[],[]
sample_000191200,2782,2789,A4,1,[],[]
sample_000191213,2315,818,A4,1,[],[]
sample_000191284,-1062,-4312,A4,1,[],[]
sample_000191332,3298,2728,A4,1,[],[]
sample_000191345,-8790,-2804,A4,1,[],[]
sample_000191431,-695,-3057,A4,1,[],[]
sample_000191432,4913,8098,A4,1,[],[]
sample_000191560,3532,-829,A4,1,[],[]
sample_000191631,1317,-1756,A4,1,[],[]
sample_000191634,43,-1882,A4,1,[],[]
sample_000192246,2361,-567,A4,1,[],[]
sample_000192434,2439,-2863,A4,1,[],[]
sample_000192688,-6653,6107,A4,1,[],[]
sample_000192938,-4220,6208,A4,1,[],[]
sample_000192993,3012,-4768,A4,1,[],[]
sample_000193023,-9176,6967,A4,1,[],[]
sample_000193098,-6032,2107,A4,1,[],[]
sample_000193106,-5338,289,A4,1,[],[]
sample_000193178,-4224,-2349,A4,1,[],[]
sample_000193249,-3775,-8902,A4,1,[],[]
sample_000193274,3133,905,A4,1,[],[]
sample_000193370,-7924,-8337,A4,1,[],[]
sample_000193380,772,8842,A4,1,[],[]
sample_000193411,-9527,-941,A4,1,[],[]
sample_000193599,-8492,6809,A4,1,[],[]
sample_000193609,2720,-8961,A4,1,[],[]
sample_000193663,-4666,-9589,A4,1,[],[]
sample_000193708,-1966,2880,A4,1,[],[]
sample_000193833,9783,-5378,A4,1,[],[]
sample_000193878,-7561,614,A4,1,[],[]
sample_000194213,8322,-2202,A4,1,[],[]
sample_000194232,-6167,1162,A4,1,[],[]
sample_000194236,-5710,-8144,A4,1,[],[]
sample_000194245,-5532,-1767,A4,1,[],[]
sample_000194304,4623,-1553,A4,1,[],[]
sample_000194361,-2873,-346,A4,1,[],[]
sample_000194498,-3264,-4823,A4,1,[],[]
sample_000194552,1408,7856,A4,1,[],[]
sample_000194564,6584,803,A4,1,[],[]
sample_000194713,-8791,-9941,A4,1,[],[]
sample_000194828,2100,6259,A4,1,[],[]
sample_000194859,916,6038,A4,1,[],[]
sample_000194875,-8289,4443,A4,1,[],[]
sample_000194977,-8838,-1594,A4,1,[],[]
sample_000195031,6337,-2290,A4,1,[],[]
sample_000195050,7614,4107,A4,1,[],[]
sample_000195108,-4156,1852,A4,1,[],[]
sample_000195251,-6914,427,A4,1,[],[]
sample_000195255,56,-8122,A4,1,[],[]
sample_000195286,-4001,5965,A4,1,[],[]
sample_000195294,1300,4100,A4,1,[],[]
sample_000195440,-819,2991,A4,1,[],[]
sample_000195600,5044,9394,A4,1,[],[]
sample_000195612,1028,-273,A4,1,[],[]
sample_000195698,1720,1445,A4,1,[],[]
sample_000195720,-6308,-778,A4,1,[],[]
sample_000195866,-1641,-7060,A4,1,[],[]
sample_000196146,-1308,-8836,A4,1,[],[]
sample_000196158,9517,4639,A4,1,[],[]
sample_000196472,6836,-9737,A4,1,[],[]
sample_000196581,7264,7124,A4,1,[],[]
sample_000196607,-9893,7692,A4,1,[],[]
sample_000196616,-9647,3831,A4,1,[],[]
sample_000196626,3360,8485,A4,1,[],[]
sample_000197044,6320,8295,A4,1,[],[]
sample_000197062,-5415,-7853,A4,1,[],[]
sample_000197170,1021,9560,A4,1,[],[]
sample_000197201,-1642,2371,A4,1,[],[]
sample_000197434,5197,1294,A4,1,[],[]
sample_000197597,9868,5356,A4,1,[],[]
sample_000197609,-6928,-5748,A4,1,[],[]
sample_000197635,6309,5127,A4,1,[],[]
sample_000197643,4638,3425,A4,1,[],[]
sample_000197762,934,7394,A4,1,[],[]
sample_000197983,9436,-8777,A4,1,[],[]
sample_000198000,572,-8197,A4,1,[],[]
sample_000198176,-1898,-6369,A4,1,[],[]
sample_000198192,319,-6225,A4,1,[],[]
sample_000198278,8129,1509,A4,1,[],[]
sample_000198468,-5785,5120,A4,1,[],[]
sample_000198493,-4000,-3693,A4,1,[],[]
sample_000198760,714,2906,A4,1,[],[]
sample_000198897,-4989,-5843,A4,1,[],[]
sample_000199000,415,697,A4,1,[],[]
sample_000199055,-7071,-3459,A4,1,[],[]
sample_000199115,-367,1533,A4,1,[],[]
sample_000199174,5629,-490,A4,1,[],[]
sample_000199282,-3461,6550,A4,1,[],[]
sample_000199471,-5305,2827,A4,1,[],[]
sample_000199543,7273,369,A4,1,[],[]
sample_000199708,-9886,-8862,A4,1,[],[]
sample_000199789,-6530,-5953,A4,1,[],[]
sample_000000673,-5464,-5463,A5,2,[2],"[[""-1"",""0"",""1""]]"
sample_000002289,1685,-3378,A5,2,[2],"[[""2"",""0"",""1""]]"
sample_000004450,-1651,-9690,A5,2,[2],"[[""-6"",""0"",""1""]]"
sample_000005386,-1424,1423,A5,2,[2],"[[""1"",""0"",""1""]]"
sample_000007605,2097,-8452,A5,2,[2],"[[""4"",""0"",""1""]]"
sample_000008987,-875,7146,A5,2,[2],"[[""9"",""0"",""1""]]"
sample_000010783,-888,9945,A5,2,[2],"[[""15"",""0"",""1""]]"
sample_000013260,-182,-3401,A5,2,[2],"[[""19"",""0"",""1""]]"
sample_000013871,-7840,8448,A5,2,[2],"[[""88"",""0"",""1""]]"
sample_000016029,-249,-1350,A5,2,[2],"[[""18"",""0"",""1""]]"
sample_000017865,8624,8625,A5,2,[2],"[[""-1"",""0"",""1""]]"
sample_000021673,-1300,3873,A5,2,[2],"[[""3"",""0"",""1""]]"
sample_000024708,-678,-2968,A5,2,[2],"[[""28"",""0"",""1""]]"
sample_000025434,1359,-6920,A5,2,[2],"[[""5"",""0"",""1""]]"
sample_000026206,-4388,2112,A5,2,[2],"[[""66"",""0"",""1""]]"
sample_000026399,8534,-8535,A5,2,[2],"[[""1"",""0"",""1""]]"
sample_000027603,-3271,6534,A5,2,[2],"[[""2"",""0"",""1""]]"
sample_000030952,-4415,4958,A5,2,[2],"[[""-67"",""0"",""1""]]"
sample_000033384,369,-746,A5,2,[2],"[[""2"",""0"",""1""]]"
sample_000037015,4060,8128,A5,2,[2],"[[""-2"",""0"",""1""]]"
sample_000038297,8099,-8100,A5,2,[2],"[[""1"",""0"",""1""]]"
sample_000041189,-5947,-5946,A5,2,[2],"[[""-1"",""0"",""1""]]"
sample_000042253,-4114,-4113,A5,2,[2],"[[""-1"",""0"",""1""]]"
sample_000042388,-116,400,A5,2,[2],"[[""4"",""0"",""1""]]"
sample_000042551,1815,-5472,A5,2,[2],"[[""3"",""0"",""1""]]"
sample_000042586,2404,4816,A5,2,[2],"[[""-2"",""0"",""1""]]"
sample_000042646,3973,3974,A5,2,[2],"[[""-1"",""0"",""1""]]"
sample_000043554,1854,-3716,A5,2,[2],"[[""2"",""0"",""1""]]"
sample_000043965,-1198,8043,A5,2,[2],"[[""7"",""0"",""1""]]"
sample_000045445,-6946,-4731,A5,2,[2],"[[""-83"",""0"",""1""]]"
sample_000046712,-153,-3078,A5,2,[2],"[[""18"",""0"",""1""]]"
sample_000050228,-164,4720,A5,2,[2],"[[""-20"",""0"",""1""]]"
sample_000051110,-5522,7725,A5,2,[2],"[[""-75"",""0"",""1""]]"
sample_000054936,778,2361,A5,2,[2],"[[""-3"",""0"",""1""]]"
sample_000056239,2639,5286,A5,2,[2],"[[""-2"",""0"",""1""]]"
sample_000064401,53,276,A5,2,[2],"[[""-4"",""0"",""1""]]"
sample_000064478,2207,2208,A5,2,[2],"[[""-1"",""0"",""1""]]"
sample_000069043,-514,-3825,A5,2,[2],"[[""-17"",""0"",""1""]]"
sample_000071833,-1149,-5828,A5,2,[2],"[[""-31"",""0"",""1""]]"
sample_000073082,4894,9796,A5,2,[2],"[[""-2"",""0"",""1""]]"
sample_000079946,-846,-1620,A5,2,[2],"[[""30"",""0"",""1""]]"
sample_000082956,3270,-6548,A5,2,[2],"[[""2"",""0"",""1""]]"
sample_000091967,-319,-4830,A5,2,[2],"[[""23"",""0"",""1""]]"
sample_000096118,-863,-3388,A5,2,[2],"[[""-4"",""0"",""1""]]"
sample_000102007,-979,-8850,A5,2,[2],"[[""-25"",""0"",""1""]]"
sample_000104027,-980,7904,A5,2,[2],"[[""26"",""0"",""1""]]"
sample_000104616,-428,-3045,A5,2,[2],"[[""-15"",""0"",""1""]]"
sample_000105000,-1829,1828,A5,2,[2],"[[""1"",""0"",""1""]]"
sample_000109765,-1411,9534,A5,2,[2],"[[""7"",""0"",""1""]]"
sample_000111571,2446,-4900,A5,2,[2],"[[""2"",""0"",""1""]]"
sample_000115256,1174,3549,A5,2,[2],"[[""-3"",""0"",""1""]]"
sample_000116318,-742,7644,A5,2,[2],"[[""14"",""0"",""1""]]"
sample_000121056,308,-9024,A5,2,[2],"[[""16"",""0"",""1""]]"
sample_000124258,-2892,-7315,A5,2,[2],"[[""55"",""0"",""1""]]"
sample_000124980,-2569,3450,A5,2,[2],"[[""50"",""0"",""1""]]"
sample_000125141,-4566,-4565,A5,2,[2],"[[""-1"",""0"",""1""]]"
sample_000125987,-1828,6027,A5,2,[2],"[[""41"",""0"",""1""]]"
sample_000128329,-690,6251,A5,2,[2],"[[""19"",""0"",""1""]]"
sample_000130836,551,-9360,A5,2,[2],"[[""13"",""0"",""1""]]"
sample_000133167,-236,165,A5,2,[2],"[[""15"",""0"",""1""]]"
sample_000135020,-538,-3012,A5,2,[2],"[[""-6"",""0"",""1""]]"
sample_000136318,-2790,-1007,A5,2,[2],"[[""53"",""0"",""1""]]"
sample_000136538,3211,-9660,A5,2,[2],"[[""3"",""0"",""1""]]"
sample_000140877,586,-9815,A5,2,[2],"[[""13"",""0"",""1""]]"
sample_000141555,1590,6424,A5,2,[2],"[[""-4"",""0"",""1""]]"
sample_000143033,-2556,7696,A5,2,[2],"[[""-52"",""0"",""1""]]"
sample_000146109,-2070,-2069,A5,2,[2],"[[""-1"",""0"",""1""]]"
sample_000147547,-3536,3535,A5,2,[2],"[[""1"",""0"",""1""]]"
sample_000149103,-3702,-1159,A5,2,[2],"[[""61"",""0"",""1""]]"
sample_000149978,43,236,A5,2,[2],"[[""-4"",""0"",""1""]]"
sample_000150446,-3219,4648,A5,2,[2],"[[""56"",""0"",""1""]]"
sample_000154186,-839,4070,A5,2,[2],"[[""5"",""0"",""1""]]"
sample_000154598,-1020,-8451,A5,2,[2],"[[""-9"",""0"",""1""]]"
sample_000159147,-377,1444,A5,2,[2],"[[""4"",""0"",""1""]]"
sample_000164095,-624,3528,A5,2,[2],"[[""6"",""0"",""1""]]"
sample_000169792,255,-2552,A5,2,[2],"[[""8"",""0"",""1""]]"
sample_000169946,-3052,7344,A5,2,[2],"[[""54"",""0"",""1""]]"
sample_000172088,526,6260,A5,2,[2],"[[""-10"",""0"",""1""]]"
sample_000172318,-289,1680,A5,2,[2],"[[""7"",""0"",""1""]]"
sample_000173838,7869,-7870,A5,2,[2],"[[""1"",""0"",""1""]]"
sample_000175494,-1631,-4866,A5,2,[2],"[[""-3"",""0"",""1""]]"
sample_000178913,-863,9702,A5,2,[2],"[[""18"",""0"",""1""]]"
sample_000179296,682,1372,A5,2,[2],"[[""-2"",""0"",""1""]]"
sample_000179662,9107,9108,A5,2,[2],"[[""-1"",""0"",""1""]]"
sample_000180251,341,-5082,A5,2,[2],"[[""11"",""0"",""1""]]"
sample_000184504,1884,-7600,A5,2,[2],"[[""4"",""0"",""1""]]"
sample_000187636,1196,1197,A5,2,[2],"[[""-1"",""0"",""1""]]"
sample_000187900,-4942,2940,A5,2,[2],"[[""70"",""0"",""1""]]"
sample_000188543,2228,8976,A5,2,[2],"[[""-4"",""0"",""1""]]"
sample_000191124,6627,6628,A5,2,[2],"[[""-1"",""0"",""1""]]"
sample_000192318,-609,608,A5,2,[2],"[[""1"",""0"",""1""]]"
sample_000192544,3347,-6702,A5,2,[2],"[[""2"",""0"",""1""]]"
sample_000193669,1405,-4242,A5,2,[2],"[[""3"",""0"",""1""]]"
sample_000194586,2292,-4592,A5,2,[2],"[[""2"",""0"",""1""]]"
sample_000194962,-866,-2945,A5,2,[2],"[[""31"",""0"",""1""]]"
sample_000197268,25,-102,A5,2,[2],"[[""3"",""0"",""1""]]"
